-- MariaDB dump 10.19  Distrib 10.5.12-MariaDB, for Linux (x86_64)
--
-- Host: mysql.hostinger.ro    Database: u574849695_19
-- ------------------------------------------------------
-- Server version	10.5.12-MariaDB-cll-lve

/*!40101 SET @OLD_CHARACTER_SET_CLIENT=@@CHARACTER_SET_CLIENT */;
/*!40101 SET @OLD_CHARACTER_SET_RESULTS=@@CHARACTER_SET_RESULTS */;
/*!40101 SET @OLD_COLLATION_CONNECTION=@@COLLATION_CONNECTION */;
/*!40101 SET NAMES utf8mb4 */;
/*!40103 SET @OLD_TIME_ZONE=@@TIME_ZONE */;
/*!40103 SET TIME_ZONE='+00:00' */;
/*!40014 SET @OLD_UNIQUE_CHECKS=@@UNIQUE_CHECKS, UNIQUE_CHECKS=0 */;
/*!40014 SET @OLD_FOREIGN_KEY_CHECKS=@@FOREIGN_KEY_CHECKS, FOREIGN_KEY_CHECKS=0 */;
/*!40101 SET @OLD_SQL_MODE=@@SQL_MODE, SQL_MODE='NO_AUTO_VALUE_ON_ZERO' */;
/*!40111 SET @OLD_SQL_NOTES=@@SQL_NOTES, SQL_NOTES=0 */;

--
-- Table structure for table `catalogs`
--
DROP DATABASE IF EXISTS la__moda;
CREATE DATABASE la__moda;
USE la__moda;

DROP TABLE IF EXISTS `catalogs`;
/*!40101 SET @saved_cs_client     = @@character_set_client */;
/*!40101 SET character_set_client = utf8 */;
CREATE TABLE `catalogs` (
  `id` bigint(20) unsigned NOT NULL AUTO_INCREMENT,
  `name` varchar(255) COLLATE utf8mb4_unicode_ci DEFAULT NULL COMMENT 'Название раздела',
  PRIMARY KEY (`id`)
) ENGINE=InnoDB AUTO_INCREMENT=6 DEFAULT CHARSET=utf8mb4 COLLATE=utf8mb4_unicode_ci COMMENT='Разделы интернет-магазина';
/*!40101 SET character_set_client = @saved_cs_client */;

--
-- Dumping data for table `catalogs`
--

LOCK TABLES `catalogs` WRITE;
/*!40000 ALTER TABLE `catalogs` DISABLE KEYS */;
INSERT INTO `catalogs` VALUES (1,'aut'),(2,'accusamus'),(3,'voluptatum'),(4,'aut'),(5,'est');
/*!40000 ALTER TABLE `catalogs` ENABLE KEYS */;
UNLOCK TABLES;

--
-- Table structure for table `discounts`
--

DROP TABLE IF EXISTS `discounts`;
/*!40101 SET @saved_cs_client     = @@character_set_client */;
/*!40101 SET character_set_client = utf8 */;
CREATE TABLE `discounts` (
  `product_id` bigint(20) unsigned NOT NULL AUTO_INCREMENT COMMENT 'Товарные позиции',
  `discount` float unsigned DEFAULT NULL COMMENT 'Величина скидки от 0 до 99',
  `finished_at` datetime DEFAULT NULL,
  `started_at` datetime DEFAULT NULL,
  `created_at` datetime DEFAULT current_timestamp(),
  `updated_at` datetime DEFAULT current_timestamp() ON UPDATE current_timestamp(),
  PRIMARY KEY (`product_id`),
  CONSTRAINT `discounts_ibfk_1` FOREIGN KEY (`product_id`) REFERENCES `products` (`id`) ON DELETE CASCADE ON UPDATE CASCADE
) ENGINE=InnoDB AUTO_INCREMENT=101 DEFAULT CHARSET=utf8mb4 COLLATE=utf8mb4_unicode_ci COMMENT='Скидки';
/*!40101 SET character_set_client = @saved_cs_client */;

--
-- Dumping data for table `discounts`
--

LOCK TABLES `discounts` WRITE;
/*!40000 ALTER TABLE `discounts` DISABLE KEYS */;
INSERT INTO `discounts` VALUES (1,25.1431,'1976-01-09 03:39:50','1977-11-29 01:53:08','2013-04-25 17:23:34','1984-07-03 16:24:03'),(2,41.6281,'2017-01-09 12:19:50','1970-03-13 19:34:12','2005-08-17 17:08:27','1985-03-11 19:05:37'),(3,57.123,'2017-01-27 12:10:16','2002-04-13 04:12:39','1980-03-11 03:59:24','1977-11-25 11:26:23'),(4,38,'1995-10-11 06:59:57','1992-08-28 15:14:00','1975-06-19 00:04:37','2005-05-08 18:05:06'),(5,1.51,'1975-01-02 18:04:42','1984-09-26 14:43:57','2001-11-29 22:16:42','1989-03-24 06:21:33'),(6,54.2844,'1981-09-27 12:46:22','1972-05-23 07:24:31','1979-07-15 06:30:55','1988-08-09 19:21:26'),(7,90.6464,'2021-12-18 21:07:43','1987-10-14 21:04:01','2017-11-13 18:24:19','1998-07-02 23:38:53'),(8,48.5,'1991-10-08 17:00:31','2005-09-06 00:47:27','1998-04-03 23:18:34','2009-11-20 00:28:40'),(9,13,'1989-12-20 08:47:36','1994-05-20 10:32:16','2010-07-09 14:09:38','1986-04-05 07:51:13'),(10,94.479,'1972-05-16 12:30:29','2020-11-07 02:54:38','1983-01-14 01:21:11','1990-12-17 01:59:34'),(11,31.9535,'1977-02-18 18:07:56','1998-05-29 09:42:36','2009-03-30 01:38:34','1984-11-21 19:24:48'),(12,23,'1992-09-22 22:03:02','2004-03-26 10:28:23','2012-01-04 07:57:22','1993-09-08 10:19:47'),(13,46.56,'1984-07-28 22:09:09','1986-01-13 13:53:54','2023-01-16 19:20:37','2015-05-14 13:20:03'),(14,35.185,'2005-06-20 02:55:00','2006-06-13 19:53:09','1984-03-05 12:09:24','1997-11-14 03:49:08'),(15,76.0761,'1975-01-08 09:50:00','1997-09-01 18:25:19','1995-06-13 16:40:57','2012-06-17 10:05:25'),(16,95,'1978-04-21 16:07:25','1974-03-28 15:39:54','1983-08-26 14:25:52','1971-03-13 08:43:07'),(17,23.2984,'2012-02-13 05:09:38','1981-09-16 06:41:17','2014-12-04 02:13:46','1976-11-21 21:47:11'),(18,91,'2005-12-15 14:57:18','2022-05-23 23:01:13','1980-11-16 22:49:38','1998-10-19 17:04:25'),(19,69.08,'1973-11-15 21:08:32','1993-05-31 12:02:35','2017-03-08 13:36:15','2011-10-21 17:49:32'),(20,8.3,'1995-03-23 03:36:04','2002-01-09 20:17:58','2008-10-07 11:37:14','2011-05-03 18:08:28'),(21,19.1327,'2003-03-03 09:02:36','2006-06-12 08:09:23','2012-11-16 14:07:30','1991-02-23 02:18:27'),(22,50.3242,'2005-11-15 09:46:42','2003-01-15 14:35:12','2000-12-21 23:59:26','1972-02-22 18:24:25'),(23,49.3407,'1972-09-23 09:44:44','1996-09-03 10:21:24','2017-02-07 10:04:43','1974-01-07 00:02:31'),(24,46.4,'2015-03-22 18:22:37','2016-06-22 16:06:02','1975-07-24 13:39:06','2001-05-29 20:05:59'),(25,53.181,'1975-06-08 21:40:56','2017-08-04 04:24:11','1983-09-24 23:04:23','2022-01-10 17:13:51'),(26,53.905,'2017-09-21 21:55:08','1981-04-24 17:41:54','1975-02-28 21:08:18','1996-04-08 08:36:59'),(27,85.7922,'2016-08-24 22:01:17','1996-12-08 10:02:02','1974-01-19 09:08:41','1999-05-11 13:03:25'),(28,92.0078,'1982-05-31 09:34:29','1984-07-28 17:51:22','1978-07-18 17:01:13','1985-05-16 12:42:38'),(29,88.011,'1982-10-14 04:02:29','1993-02-12 15:33:16','1999-02-09 22:25:25','1992-11-06 22:51:21'),(30,18.4,'2005-08-20 09:30:14','1983-05-28 13:48:09','1977-05-18 22:24:18','2015-03-29 07:15:52'),(31,61.4863,'1983-08-06 13:15:27','2009-05-30 05:09:05','2013-05-26 04:48:58','1997-07-08 18:06:29'),(32,45.3572,'1977-08-17 17:59:31','1991-01-03 19:32:41','1973-09-28 00:37:39','1970-12-29 10:42:11'),(33,23.8983,'1994-09-14 04:00:27','1974-06-15 22:00:10','1990-08-22 17:00:56','1992-07-27 04:51:02'),(34,48.6379,'1984-09-19 23:15:37','2002-08-14 14:06:26','1973-11-20 18:40:56','2015-08-29 12:32:02'),(35,16,'1978-06-03 02:13:33','2012-01-10 03:42:36','1982-07-27 05:16:10','2003-05-08 05:27:09'),(36,4.32987,'1983-05-28 18:25:09','1999-03-23 10:39:37','1972-12-18 00:13:19','2008-01-31 05:23:20'),(37,62.1979,'2018-10-25 15:26:11','1987-07-05 07:33:51','1974-05-22 04:55:09','1995-08-16 22:40:34'),(38,45.695,'1988-03-06 03:56:42','1976-07-24 08:39:56','2014-05-04 13:36:41','1970-12-11 05:17:18'),(39,90.8041,'1976-04-02 06:10:19','1973-11-17 06:18:19','2008-06-30 07:58:48','1990-09-13 11:29:51'),(40,29.559,'1978-02-20 09:40:56','2004-10-10 08:50:22','2015-06-21 07:10:07','2019-07-11 22:51:25'),(41,82.6095,'2022-12-30 03:34:02','1998-04-07 05:29:25','1989-07-28 05:29:26','2022-01-29 14:22:45'),(42,96,'1989-07-19 22:19:13','2022-12-07 21:00:18','1991-01-14 16:49:21','2017-02-24 04:02:43'),(43,99,'2003-01-24 20:19:20','1983-08-27 12:02:48','2022-02-22 17:44:36','1988-01-02 10:54:36'),(44,5.3247,'1970-05-23 16:57:52','2019-07-19 20:10:03','1996-08-29 08:06:04','2007-10-25 20:11:28'),(45,93,'1971-02-27 21:17:38','1992-02-25 06:36:28','1973-12-17 18:35:29','1982-05-12 14:09:04'),(46,63.9561,'1978-11-08 09:06:27','2012-03-09 00:33:35','1971-01-19 22:58:22','2003-10-14 18:31:24'),(47,49.4528,'2011-02-20 20:52:12','1987-06-29 00:00:48','1975-02-26 16:31:49','1990-08-29 22:48:54'),(48,73.7776,'2003-06-02 13:59:21','1992-08-23 05:28:57','1979-01-19 10:43:36','2010-07-15 15:00:02'),(49,46.28,'2014-01-13 13:10:38','2015-11-05 21:32:49','1986-01-29 04:12:50','1989-12-26 10:46:26'),(50,97.3165,'1981-06-16 08:50:10','1981-12-29 11:20:11','1970-11-28 16:22:44','1979-12-26 18:11:13'),(51,40.3804,'1992-07-08 22:42:13','2009-04-13 15:07:59','2010-09-17 04:09:47','1987-07-06 16:34:08'),(52,17.6885,'1988-04-22 01:28:46','1997-05-08 22:13:40','2009-12-07 00:08:17','1996-11-17 17:44:47'),(53,77.2966,'2020-10-30 13:34:27','2000-02-10 09:34:37','2020-03-10 12:22:26','2013-11-20 00:27:45'),(54,62.3129,'1971-03-23 14:19:33','1989-04-10 00:56:29','1977-02-20 21:26:22','1980-01-11 15:27:57'),(55,71.9,'2007-02-03 07:34:55','2004-09-09 18:05:07','1986-08-07 15:47:53','1980-05-27 23:21:29'),(56,90,'2016-07-31 04:43:27','1986-06-03 06:12:14','2003-09-18 09:55:16','1994-05-11 05:34:21'),(57,19.2618,'1970-06-23 08:00:51','1993-07-31 04:23:44','1982-04-01 19:44:47','2007-04-04 15:10:06'),(58,21.447,'2012-11-03 02:47:24','2012-04-28 00:28:29','1988-12-23 14:52:12','2013-12-22 16:10:53'),(59,65.7494,'1996-07-31 22:17:05','2013-09-25 08:26:44','1988-03-17 19:20:38','1991-09-20 04:29:28'),(60,64,'1977-08-09 15:07:08','1996-11-13 22:33:49','1988-04-06 04:32:32','2000-08-04 20:47:49'),(61,64.7026,'1995-01-05 09:21:57','2003-01-07 10:51:49','1973-08-01 05:47:05','1970-07-29 06:48:54'),(62,59.3648,'2020-07-18 00:58:28','1998-05-14 02:19:07','1992-06-02 06:54:12','1988-07-04 19:43:23'),(63,6.824,'1990-03-16 12:54:22','1997-02-15 18:58:05','1999-11-11 19:14:18','2018-01-25 09:36:42'),(64,60.542,'1970-05-18 16:09:31','1981-04-09 05:38:06','1997-04-09 13:12:40','2007-11-23 06:20:45'),(65,15.211,'1985-03-07 14:43:12','2012-09-06 04:23:49','1996-07-30 21:34:03','1994-01-17 17:50:26'),(66,61.1863,'1997-07-26 14:14:35','1974-09-06 09:29:36','2018-04-24 05:28:32','2003-09-14 08:05:34'),(67,21.121,'2010-08-24 19:10:57','1988-01-24 17:28:12','2010-05-30 07:02:47','2008-12-23 08:38:07'),(68,82.423,'1999-07-21 00:37:16','2000-02-26 10:16:48','1989-08-29 07:07:52','1990-04-07 13:14:32'),(69,85,'2010-04-27 23:40:44','2007-02-08 10:21:11','1994-07-28 13:27:32','1982-11-13 19:01:53'),(70,81.704,'1972-01-25 14:26:05','1977-09-06 00:06:15','2001-12-26 06:20:19','1996-08-17 20:22:19'),(71,51.3921,'1982-06-23 12:43:17','2004-03-08 02:08:06','2003-01-29 06:21:18','1980-08-02 22:06:48'),(72,87.028,'2004-08-16 21:00:06','1975-03-09 16:37:49','2015-11-20 17:00:28','1972-03-28 23:45:38'),(73,47.536,'2004-08-22 02:50:16','2009-09-09 23:34:57','1986-08-08 02:55:40','2009-10-11 10:11:30'),(74,13.7991,'1999-05-27 03:10:11','2009-02-10 15:25:04','1992-03-31 18:20:30','2016-04-14 04:00:07'),(75,68,'2011-03-18 14:58:55','1987-04-03 09:17:44','1998-09-05 19:20:15','1993-08-11 16:55:58'),(76,53,'2013-05-07 11:08:18','2001-01-02 20:15:20','2009-03-11 11:44:03','1988-12-14 04:20:26'),(77,28.7697,'1992-11-03 22:08:36','1980-09-30 00:31:31','2016-09-28 20:47:46','2020-01-05 03:22:24'),(78,98.34,'2016-08-16 15:01:21','1998-09-20 02:07:25','1978-10-10 01:29:44','1978-05-06 18:33:23'),(79,5.64705,'1971-05-25 15:55:22','1999-09-07 12:19:30','1985-06-24 12:50:22','1994-12-21 00:09:43'),(80,3.7,'2004-12-24 18:32:24','2017-02-10 03:43:14','1973-05-19 18:21:40','1988-01-16 13:52:33'),(81,18.385,'2000-09-17 05:54:30','1988-05-06 04:13:34','2003-08-17 17:13:12','1998-08-20 19:18:52'),(82,55.7,'2014-07-22 13:02:18','1980-08-20 16:39:26','1986-07-24 21:28:56','1993-09-21 00:35:12'),(83,93.5341,'1983-08-14 09:41:55','2019-08-20 21:56:53','1986-01-16 22:20:15','1970-07-10 18:01:28'),(84,37.1108,'1991-05-16 03:38:39','2002-03-28 09:21:29','2007-01-22 18:58:20','2015-09-15 21:20:10'),(85,20.543,'1989-06-27 18:09:31','1980-01-25 19:09:28','1975-01-02 09:59:30','2014-01-21 09:23:06'),(86,14.4,'2003-10-02 19:20:40','2014-04-05 07:33:19','1987-03-01 15:06:13','2021-05-25 04:54:33'),(87,2.24,'2006-12-26 14:07:49','1973-01-24 06:35:22','1977-05-15 01:19:33','2012-07-14 18:23:36'),(88,54.006,'2014-02-20 06:06:20','2012-11-28 23:57:52','2019-08-26 21:30:02','1983-10-28 04:26:55'),(89,23.9869,'1983-09-07 23:46:22','1976-03-16 10:43:05','2006-05-20 05:58:55','1991-11-12 19:44:30'),(90,18.699,'2014-02-05 19:13:40','2016-08-15 08:48:35','1971-03-14 12:51:30','1997-09-04 17:35:16'),(91,75.4289,'2021-06-19 12:24:59','1981-10-09 22:24:24','1974-06-18 21:00:01','2004-12-11 23:47:00'),(92,55.6389,'2016-07-01 04:57:29','1972-06-29 20:48:01','1983-12-17 01:23:22','1998-03-28 07:03:58'),(93,28.331,'1999-04-19 04:45:56','1996-06-29 12:08:05','1991-05-20 19:36:59','1994-05-16 04:36:17'),(94,72.2,'2015-11-14 12:00:58','1987-07-06 06:35:11','1974-02-25 00:33:55','1980-05-18 02:44:02'),(95,84.7783,'2005-04-16 11:11:16','2018-07-15 04:45:03','1999-09-20 11:42:12','2012-01-25 12:49:13'),(96,23.2025,'1998-04-26 05:42:20','2013-03-04 18:18:16','2016-01-24 06:18:38','2021-07-28 04:04:41'),(97,77.569,'1990-12-23 06:00:34','2019-10-13 03:58:36','2012-01-29 11:53:51','2015-04-12 21:43:52'),(98,10.4975,'2011-08-16 21:12:41','1971-12-18 07:52:18','1996-11-03 09:26:15','1992-10-27 06:07:49'),(99,58.562,'1994-11-14 06:32:46','1992-07-02 08:06:07','1996-08-19 04:05:43','1994-11-12 16:23:48'),(100,6.43291,'1975-04-09 06:45:15','1977-10-26 08:57:08','1980-08-29 21:50:54','2011-09-13 20:47:51');
/*!40000 ALTER TABLE `discounts` ENABLE KEYS */;
UNLOCK TABLES;

--
-- Table structure for table `orders`
--

DROP TABLE IF EXISTS `orders`;
/*!40101 SET @saved_cs_client     = @@character_set_client */;
/*!40101 SET character_set_client = utf8 */;
CREATE TABLE `orders` (
  `id` bigint(20) unsigned NOT NULL AUTO_INCREMENT,
  `user_id` bigint(20) unsigned DEFAULT NULL COMMENT 'Принадлежание пользователю',
  `created_at` datetime DEFAULT current_timestamp(),
  `updated_at` datetime DEFAULT current_timestamp() ON UPDATE current_timestamp(),
  PRIMARY KEY (`id`),
  KEY `user_id` (`user_id`),
  CONSTRAINT `orders_ibfk_1` FOREIGN KEY (`user_id`) REFERENCES `users` (`id`) ON DELETE CASCADE ON UPDATE CASCADE
) ENGINE=InnoDB AUTO_INCREMENT=51 DEFAULT CHARSET=utf8mb4 COLLATE=utf8mb4_unicode_ci COMMENT='Заказы';
/*!40101 SET character_set_client = @saved_cs_client */;

--
-- Dumping data for table `orders`
--

LOCK TABLES `orders` WRITE;
/*!40000 ALTER TABLE `orders` DISABLE KEYS */;
INSERT INTO `orders` VALUES (1,2,'2003-01-26 15:17:47','2013-03-14 00:35:00'),(2,2,'1993-11-25 06:40:47','1987-02-06 12:35:21'),(3,9,'2003-02-22 01:43:41','1985-05-14 14:01:50'),(4,4,'1975-10-13 12:07:58','1974-01-08 23:17:32'),(5,4,'2020-12-30 00:35:34','1993-09-26 18:08:35'),(6,8,'2017-01-12 19:15:00','2018-03-27 20:07:55'),(7,10,'2017-07-01 07:49:02','2009-04-27 07:55:39'),(8,6,'1981-09-15 20:22:01','1976-06-29 10:04:49'),(9,4,'1991-08-24 08:41:09','2000-11-18 10:54:58'),(10,1,'2016-12-31 14:50:11','1972-11-01 20:35:48'),(11,1,'1979-08-01 05:31:31','2011-08-22 07:33:34'),(12,3,'1971-04-10 17:27:33','1991-12-21 17:29:09'),(13,7,'1983-06-04 15:30:34','2015-05-23 14:46:48'),(14,1,'1990-04-15 17:26:13','1977-03-04 16:51:05'),(15,8,'1978-11-17 16:24:41','1993-07-13 10:44:27'),(16,3,'1996-05-14 14:20:47','2008-02-17 23:28:50'),(17,7,'2006-10-10 04:05:41','2007-09-11 21:56:26'),(18,6,'1970-06-19 00:54:13','2008-02-24 22:50:28'),(19,5,'2010-06-07 09:57:11','1979-07-12 23:32:25'),(20,1,'1988-10-23 22:06:28','1987-10-19 10:34:29'),(21,9,'1981-03-12 13:58:21','2006-04-15 05:34:44'),(22,1,'2021-07-01 18:28:31','1993-08-01 21:13:20'),(23,10,'1976-04-21 16:31:27','1974-01-22 09:03:46'),(24,9,'2019-05-11 18:58:56','2015-11-07 07:03:16'),(25,9,'2022-05-28 07:06:09','2022-08-16 12:16:20'),(26,2,'1991-10-04 05:05:31','1988-11-04 14:45:25'),(27,8,'1986-07-20 20:38:38','1997-11-03 12:03:03'),(28,6,'1999-07-10 23:31:33','1983-07-20 21:10:57'),(29,3,'2008-09-21 04:03:10','1997-12-20 09:33:15'),(30,9,'1999-12-13 07:17:54','2007-10-21 10:36:20'),(31,3,'2014-05-12 08:10:30','2011-05-05 09:14:54'),(32,4,'1998-02-02 12:37:16','2005-07-23 16:17:15'),(33,1,'2019-12-31 09:21:14','2005-11-04 03:15:41'),(34,2,'1994-03-07 18:30:48','1971-11-19 11:47:48'),(35,8,'2019-07-21 14:11:38','1991-06-18 23:14:03'),(36,4,'2014-11-30 19:58:46','1990-04-17 23:25:53'),(37,9,'2010-01-07 12:58:32','1992-02-15 14:36:09'),(38,8,'1971-09-09 15:30:28','2004-05-08 06:20:45'),(39,10,'2006-08-19 22:15:28','1998-07-03 17:04:48'),(40,2,'1986-10-19 02:01:52','1984-09-20 09:52:45'),(41,8,'2005-07-24 12:16:58','1983-12-16 00:52:11'),(42,1,'1987-03-26 21:03:52','1988-09-16 00:19:07'),(43,4,'2000-05-29 14:37:07','1984-12-07 12:15:26'),(44,4,'1979-05-09 15:46:03','1997-01-19 07:37:15'),(45,1,'1970-04-15 04:45:15','1986-11-24 23:55:37'),(46,2,'2014-09-29 20:40:54','1992-07-05 04:50:33'),(47,7,'1971-01-13 16:46:01','2011-12-06 12:35:50'),(48,8,'2007-10-04 18:43:00','2009-07-23 04:09:00'),(49,8,'2002-10-07 20:33:52','1979-11-02 19:32:32'),(50,2,'2009-10-06 03:53:28','2019-06-05 10:34:54');
/*!40000 ALTER TABLE `orders` ENABLE KEYS */;
UNLOCK TABLES;

--
-- Table structure for table `orders_products`
--

DROP TABLE IF EXISTS `orders_products`;
/*!40101 SET @saved_cs_client     = @@character_set_client */;
/*!40101 SET character_set_client = utf8 */;
CREATE TABLE `orders_products` (
  `order_id` bigint(20) unsigned NOT NULL AUTO_INCREMENT COMMENT 'Принадлежание заказу',
  `product_id` bigint(20) unsigned DEFAULT NULL,
  `total` int(10) unsigned DEFAULT 1 COMMENT 'Количество заказанных товарных позиций',
  `created_at` datetime DEFAULT current_timestamp(),
  `updated_at` datetime DEFAULT current_timestamp() ON UPDATE current_timestamp(),
  PRIMARY KEY (`order_id`),
  KEY `product_id` (`product_id`),
  CONSTRAINT `orders_products_ibfk_1` FOREIGN KEY (`order_id`) REFERENCES `orders` (`id`) ON DELETE CASCADE ON UPDATE CASCADE,
  CONSTRAINT `orders_products_ibfk_2` FOREIGN KEY (`product_id`) REFERENCES `products` (`id`) ON DELETE CASCADE ON UPDATE CASCADE
) ENGINE=InnoDB AUTO_INCREMENT=51 DEFAULT CHARSET=utf8mb4 COLLATE=utf8mb4_unicode_ci COMMENT='Состав заказа';
/*!40101 SET character_set_client = @saved_cs_client */;

--
-- Dumping data for table `orders_products`
--

LOCK TABLES `orders_products` WRITE;
/*!40000 ALTER TABLE `orders_products` DISABLE KEYS */;
INSERT INTO `orders_products` VALUES (1,74,5,'2004-11-02 08:15:50','1985-03-04 17:40:22'),(2,67,7,'2016-12-04 07:15:00','1985-09-23 02:36:39'),(3,55,3,'1987-09-21 21:41:06','2012-04-02 01:12:16'),(4,69,10,'2007-03-27 23:24:36','2011-11-08 03:59:24'),(5,74,5,'1991-01-12 00:32:07','1999-12-17 23:26:51'),(6,90,6,'2002-04-27 20:06:10','1974-11-15 04:26:54'),(7,88,5,'1994-12-12 16:06:05','1994-12-06 17:32:54'),(8,87,6,'1974-11-20 12:31:15','1989-06-13 21:56:54'),(9,96,9,'2005-03-31 19:23:44','1994-08-12 22:02:18'),(10,74,7,'1970-09-03 23:03:03','2008-11-30 07:39:46'),(11,3,9,'1976-01-17 02:49:44','2004-10-08 23:12:08'),(12,51,6,'1973-04-02 23:32:07','1970-04-06 10:17:25'),(13,15,4,'2000-06-22 16:43:02','2016-04-07 16:56:50'),(14,49,8,'1977-06-07 14:52:13','1980-08-14 17:35:24'),(15,74,7,'1997-12-20 11:01:06','1991-10-04 04:43:55'),(16,29,8,'1983-03-12 20:46:17','2021-01-31 01:56:37'),(17,81,3,'1987-02-18 05:30:07','2006-01-11 19:00:09'),(18,13,8,'1998-09-20 21:13:30','1983-02-19 15:32:41'),(19,79,10,'1989-01-11 03:33:06','1984-10-04 13:15:19'),(20,71,7,'2003-12-11 18:01:33','1982-12-27 12:33:05'),(21,4,5,'1975-01-21 14:21:05','1987-07-26 06:18:51'),(22,70,4,'2020-02-09 08:59:53','1970-02-21 09:21:03'),(23,68,7,'2013-04-28 23:34:03','1982-08-23 13:40:22'),(24,35,2,'2005-02-20 14:33:33','2004-06-10 20:23:49'),(25,88,6,'2001-03-01 18:46:14','1995-10-31 09:46:08'),(26,43,7,'2011-08-31 20:13:37','1995-02-06 21:04:15'),(27,27,3,'1981-12-25 16:44:18','2007-09-09 19:48:39'),(28,24,6,'1988-05-26 18:12:33','1993-04-24 22:55:51'),(29,99,1,'1995-07-13 03:09:51','2018-03-19 08:31:12'),(30,81,8,'1999-05-07 14:20:10','1993-08-01 03:31:49'),(31,47,10,'1985-04-20 18:47:58','1972-03-14 15:02:11'),(32,72,4,'1974-04-25 09:07:42','1996-08-15 23:22:39'),(33,48,8,'1971-09-15 07:09:05','2008-04-20 12:21:08'),(34,1,7,'1994-07-30 00:16:19','1998-07-06 14:06:14'),(35,41,8,'1971-06-11 03:41:26','2003-02-24 14:41:42'),(36,21,4,'1995-08-28 01:41:46','2001-02-01 00:03:23'),(37,91,1,'1987-06-19 18:54:11','2007-08-20 03:30:46'),(38,28,5,'2000-07-30 15:21:47','1976-02-12 05:27:31'),(39,7,8,'2000-02-04 09:26:50','2017-11-03 00:40:10'),(40,86,10,'2003-07-01 10:19:43','1983-12-02 12:32:24'),(41,2,9,'2007-08-23 21:22:05','1976-09-03 03:43:19'),(42,10,2,'1996-03-25 03:52:09','1994-01-12 06:10:33'),(43,37,6,'1977-01-30 23:19:41','2010-05-25 06:28:58'),(44,16,10,'2019-07-15 20:10:55','1991-01-18 10:11:00'),(45,59,9,'2019-02-01 06:41:46','1973-08-14 23:53:13'),(46,11,5,'1988-12-14 17:44:13','2005-11-16 03:18:21'),(47,44,2,'2002-11-04 19:06:57','2008-04-24 19:52:20'),(48,39,9,'2018-03-29 04:34:16','2008-01-18 22:48:44'),(49,24,7,'1998-10-23 15:39:22','2005-05-29 00:03:02'),(50,23,4,'2022-08-12 12:16:35','1976-07-05 02:35:06');
/*!40000 ALTER TABLE `orders_products` ENABLE KEYS */;
UNLOCK TABLES;

--
-- Table structure for table `products`
--

DROP TABLE IF EXISTS `products`;
/*!40101 SET @saved_cs_client     = @@character_set_client */;
/*!40101 SET character_set_client = utf8 */;
CREATE TABLE `products` (
  `id` bigint(20) unsigned NOT NULL AUTO_INCREMENT,
  `name` varchar(255) COLLATE utf8mb4_unicode_ci DEFAULT NULL COMMENT 'Название',
  `description` text COLLATE utf8mb4_unicode_ci DEFAULT NULL COMMENT 'Описание',
  `price` decimal(11,2) DEFAULT NULL COMMENT 'Цена',
  `catalog_id` bigint(20) unsigned DEFAULT NULL COMMENT 'Принадлежание к каталогу',
  `created_at` datetime DEFAULT current_timestamp(),
  `updated_at` datetime DEFAULT current_timestamp() ON UPDATE current_timestamp(),
  PRIMARY KEY (`id`),
  KEY `catalog_id` (`catalog_id`),
  KEY `products_name_idx` (`name`),
  CONSTRAINT `products_ibfk_1` FOREIGN KEY (`catalog_id`) REFERENCES `catalogs` (`id`) ON DELETE CASCADE ON UPDATE CASCADE
) ENGINE=InnoDB AUTO_INCREMENT=101 DEFAULT CHARSET=utf8mb4 COLLATE=utf8mb4_unicode_ci COMMENT='Товарные позиции';
/*!40101 SET character_set_client = @saved_cs_client */;

--
-- Dumping data for table `products`
--

LOCK TABLES `products` WRITE;
/*!40000 ALTER TABLE `products` DISABLE KEYS */;
INSERT INTO `products` VALUES (1,'qui','Amet reiciendis quidem et eos. Repudiandae dicta id dolor placeat et. Totam excepturi quas hic et voluptates sapiente sit.',1072.00,1,'1978-04-14 16:14:18','1984-08-25 18:09:12'),(2,'libero','Iusto aut ad excepturi quas voluptatem velit autem. Delectus molestiae velit molestiae soluta ad sed. Debitis itaque accusantium est minus inventore voluptatem dolor. Dolorem incidunt cupiditate recusandae.',9873.90,3,'1994-07-29 04:09:30','1981-06-30 14:28:22'),(3,'aut','Porro ipsa sit sit expedita voluptates ratione quaerat ullam. Vero aspernatur ut enim occaecati itaque quam est in. Facere et id et recusandae consequuntur voluptas harum.',7495.50,3,'1994-12-20 11:11:39','1995-04-27 06:25:48'),(4,'omnis','Id incidunt qui rerum soluta incidunt enim non nihil. Ea rerum quisquam delectus. Et aut sunt sunt ea amet veniam.',4705.00,1,'1991-01-23 04:40:35','1987-05-31 07:53:31'),(5,'et','Eveniet sapiente sit assumenda unde vel dolore quas. Inventore animi corrupti quia velit voluptatem odio ut sit. Atque provident at quia consequuntur voluptatum molestias.',285.66,4,'1996-02-05 13:08:45','1991-07-21 10:25:09'),(6,'corporis','Quis aut facere doloremque. Vel deleniti quod et corrupti omnis non. Rerum voluptates nemo et. Ipsum et dolores a eius placeat.',4626.00,2,'2007-11-14 01:49:51','2007-11-28 03:47:22'),(7,'porro','Quos non et architecto quos. Soluta maiores voluptas expedita et aut. Explicabo dolores numquam explicabo rerum alias.',7126.40,2,'1999-09-06 07:03:11','2014-02-02 16:21:09'),(8,'temporibus','Eius aperiam possimus vitae ipsam. Distinctio sit quam vel in quae in architecto quisquam. Quo et eveniet delectus ut.',3995.69,4,'1971-08-12 15:03:14','1980-10-31 06:04:51'),(9,'reprehenderit','Iste possimus repudiandae et. Amet soluta eaque harum sint. Iure et sint consequatur. Est occaecati eos repellat vel voluptas architecto.',3123.87,5,'1991-05-29 01:34:17','1976-06-17 14:31:04'),(10,'eligendi','Vitae excepturi aut consequatur optio et dolor. Accusantium autem sed rerum omnis dolorum mollitia ut. Sint enim sint est consectetur dolor asperiores. Rerum dolor et dolore nemo.',5030.31,1,'1987-06-09 02:07:30','1998-04-22 20:35:55'),(11,'nulla','Dignissimos unde velit minus inventore assumenda commodi et sapiente. Fugiat accusamus doloremque laboriosam perferendis fuga ut facilis. Rerum in et similique eum voluptas non. Distinctio sit et similique et expedita illum dolorem. Est enim consequatur aut distinctio atque occaecati.',1950.56,3,'2020-09-14 10:22:34','1997-11-30 22:00:09'),(12,'et','Mollitia exercitationem adipisci quia aut est dolor unde quisquam. Voluptas dolorum perferendis voluptas magnam vero ipsa. Consequatur recusandae ipsa itaque eius est et. Sit ut libero atque nisi.',567.06,3,'2018-05-15 20:20:48','1981-01-25 20:57:24'),(13,'aperiam','Eos est enim a animi quam et eaque labore. Dolores et autem ut officiis nam. Iusto ut error est libero dolore exercitationem. Culpa qui repellat rerum.',3409.68,4,'1987-12-10 22:27:48','1979-12-22 08:21:34'),(14,'autem','Qui ad et quia at velit. Sunt veniam necessitatibus molestiae quis. Excepturi laboriosam dignissimos nisi non quis iste et ut. Omnis hic consequatur illum rerum quo praesentium.',9329.53,4,'2021-05-27 18:08:30','2019-08-03 20:42:09'),(15,'odio','Repellat id corporis molestias provident. Similique nihil sit qui maiores. Eveniet quis provident molestiae sequi. Numquam quia est repellat dicta ullam.',4640.00,3,'2018-05-21 10:34:12','1985-08-02 07:32:01'),(16,'laboriosam','Similique placeat excepturi alias in est eligendi. Facilis cupiditate cumque nesciunt eius enim in amet. Qui voluptatum aut commodi est omnis rerum aut. Consequatur aliquam consequatur occaecati eligendi.',9930.05,4,'1994-04-27 07:23:53','2004-08-18 12:30:55'),(17,'eaque','Eos ullam error in qui. Quam dolores omnis aut minus impedit doloremque magni. Ab iure commodi corrupti. Aut repellendus est repellat corrupti cumque non.',2714.80,2,'2003-03-25 20:58:15','2010-11-29 01:38:04'),(18,'quisquam','Velit accusamus odio voluptatum qui magni quibusdam eos maiores. Commodi ullam molestiae eveniet eaque ipsam. Numquam aut ipsam incidunt omnis sint provident nihil tempora.',9682.57,2,'1999-03-06 10:02:39','2008-12-12 21:16:58'),(19,'tempora','Aperiam dicta a velit et perspiciatis rerum. Delectus consequuntur dolor sunt itaque. Aut quos sint voluptas. Autem eum iure vel eos.',6592.00,3,'1983-12-23 03:13:34','2014-07-18 20:32:24'),(20,'maiores','Voluptatum earum architecto quod ipsa et sequi. Placeat totam quibusdam blanditiis maxime fuga. Distinctio veritatis vero quod.',2336.83,2,'1981-09-17 02:49:44','2008-11-16 14:28:55'),(21,'explicabo','Vero et minima sit necessitatibus aperiam. Eius odit vitae culpa sapiente qui aut eos. Rerum animi praesentium est vero quo.',9325.99,5,'1999-09-27 16:16:53','2014-02-17 18:01:20'),(22,'ullam','Laudantium illo porro enim dolores est. Ex debitis tenetur quidem in. Unde eos similique nisi quam ut officiis dolorem. Iure repellat sunt est tempore corrupti et saepe molestias.',6328.59,3,'1973-03-25 21:07:28','1987-05-13 18:58:41'),(23,'autem','Alias sit harum delectus ut sunt enim reiciendis. Quae dolorem cupiditate quas nesciunt sunt aspernatur libero.',2995.70,2,'1972-02-04 20:39:46','2002-09-18 17:22:02'),(24,'facere','Voluptas iste quis error. Nesciunt distinctio sunt et accusantium. Quia ad inventore officia velit.',5173.49,4,'1972-11-13 23:37:18','2008-11-15 00:55:43'),(25,'architecto','Ullam hic quo ab fuga incidunt et cupiditate. Accusantium qui molestias veniam. Sit id et et dolor repellendus autem.',2809.50,2,'1987-03-06 06:39:43','1973-02-13 05:12:21'),(26,'error','Aut quam aut nulla dolor. Ratione distinctio qui non deserunt sint ducimus. Adipisci rem quaerat sint voluptatem. Beatae labore voluptas earum eius occaecati quas aliquam.',768.63,2,'1991-08-14 04:56:26','1991-06-26 17:48:44'),(27,'ab','Nihil voluptatem eius saepe modi. Autem sed consequatur atque quis. Commodi et quia non cumque. Sit qui voluptates numquam ipsam et.',8084.76,3,'1989-04-04 00:20:11','1978-06-18 08:41:00'),(28,'ut','Autem neque reiciendis dignissimos maxime velit. Inventore illo amet sequi. Deserunt iure sapiente nesciunt hic aliquid.',7896.21,3,'1970-02-14 04:48:54','1971-09-06 11:49:38'),(29,'tempora','Excepturi quisquam voluptatem voluptatem deserunt. Pariatur id voluptates aperiam. Qui quam autem quis autem placeat aut.',6988.49,5,'1977-04-03 10:53:01','2022-01-04 13:05:23'),(30,'nulla','Natus omnis rem non sunt. In assumenda in nesciunt architecto velit ratione. Itaque dolores at fuga labore est sunt quia.',8677.92,3,'1996-07-27 11:37:30','2004-10-22 03:46:52'),(31,'laudantium','Nemo recusandae modi culpa distinctio voluptates error vel. Sint molestiae quo quis dolor delectus. Eaque id et temporibus sapiente voluptatibus doloremque.',6405.10,4,'1977-02-09 12:47:09','2006-07-16 21:10:45'),(32,'et','Nemo laudantium est odio aut repellat voluptate. Repellat tempore aut corrupti voluptate. Aspernatur quia qui voluptate.',1450.60,1,'1988-05-25 01:15:17','2011-05-31 22:18:32'),(33,'ullam','Autem iure laborum omnis. Sunt ullam ipsam quae et quis iusto. Dignissimos laboriosam consequatur libero veritatis consequatur.',8956.50,1,'1981-02-12 13:34:57','2009-07-07 07:50:42'),(34,'velit','Repellat ut occaecati quia repellendus rerum quia. Harum esse doloremque error incidunt reiciendis consectetur. Consequuntur id minima ea incidunt doloribus. In voluptatibus alias enim vel ratione sed quas asperiores.',1927.44,1,'1977-11-30 22:08:36','1983-01-28 07:53:15'),(35,'sed','Hic doloremque et praesentium quibusdam nisi. Corporis dicta eveniet sunt saepe at sapiente non.',5451.89,2,'2010-09-04 22:56:04','2013-06-28 18:18:18'),(36,'quis','Ex blanditiis voluptatum velit aliquam voluptate cumque. Explicabo iste culpa et occaecati placeat debitis. Quod alias sunt velit molestiae.',1873.92,4,'1989-12-26 14:47:33','2011-03-25 02:17:01'),(37,'mollitia','Dolores ut repellendus officiis rerum inventore voluptas. Excepturi culpa dignissimos aut omnis tenetur nemo.',4638.44,2,'1977-10-03 03:11:29','1978-03-31 16:35:46'),(38,'illo','Eum qui maxime ut officia. Doloribus odit et neque exercitationem libero et est. Doloribus totam voluptatem minima consequuntur libero et in.',7995.40,3,'2005-09-28 11:16:17','2002-08-30 07:07:24'),(39,'et','Consequuntur ut corporis est dolores ea iure ut. Est sed odit iusto et velit. Excepturi cum rerum aliquam perspiciatis perspiciatis. Quia ipsa reprehenderit non ipsa omnis est.',7317.02,2,'1993-10-25 07:07:29','1998-12-25 09:36:54'),(40,'qui','Maxime id fugit optio enim facilis rerum in. Expedita est et et fuga molestiae. Quo necessitatibus et alias laboriosam dignissimos qui.',1742.77,1,'1975-08-21 10:10:32','1996-12-03 06:20:56'),(41,'saepe','Est ullam qui temporibus rerum. Et aliquid qui et saepe. Quaerat temporibus minima eius ex corrupti laborum voluptatem voluptatem. Debitis nihil excepturi voluptate qui dolorem enim eos.',3566.00,4,'2008-03-20 07:57:42','2010-10-31 18:35:45'),(42,'quo','Molestias molestias et qui et. Omnis sequi ut nobis minus. Ipsa eos provident pariatur est. Laudantium ut dolores sit esse eos ex voluptas accusamus.',2990.64,5,'1986-07-04 12:26:22','2014-09-14 05:17:08'),(43,'culpa','Ea provident natus rerum dolorum nihil numquam. Autem sint ipsum qui quibusdam non. Sint in consequuntur in dicta omnis voluptatem quia.',8860.65,4,'2004-12-23 08:22:49','1990-02-23 00:48:04'),(44,'rerum','Totam illo ab nesciunt ratione molestiae quibusdam et. Reprehenderit sed provident voluptatem. Aut qui consequatur voluptas molestiae suscipit tempora.',2806.14,3,'1973-06-05 10:55:20','2007-02-16 00:41:29'),(45,'quisquam','Maiores tempora rem ut et. Libero aut voluptas voluptatem unde esse unde. Ipsum aut et atque aut alias quos. Recusandae officiis et nihil amet et.',9216.89,3,'1991-08-18 07:33:24','2013-11-16 03:35:15'),(46,'sint','Autem et deleniti voluptas porro. Quos dolore dicta voluptatibus quidem. Tenetur quos dolorem beatae dolore ut explicabo.',2488.65,1,'1977-06-13 17:35:07','2005-12-17 06:28:37'),(47,'qui','Et qui sint omnis exercitationem. Eaque iste ipsam rerum optio. Rerum corrupti nam iste sed voluptatibus odio eum.',9139.70,2,'1983-07-25 12:30:11','2009-08-26 19:31:04'),(48,'nesciunt','Eum ea quam enim voluptate necessitatibus quo sint. Ut sint aut at autem cum incidunt dignissimos sit.',8929.53,5,'1976-11-22 18:34:57','1974-02-10 19:59:51'),(49,'perspiciatis','Porro est ex quia quia dolorem rerum. Sequi deserunt ex sunt ad. Voluptatem quaerat qui earum enim temporibus iure. Ut pariatur qui rerum labore.',4810.40,3,'2014-09-02 04:41:58','2011-11-15 09:23:26'),(50,'rerum','Ullam sapiente voluptas non similique error iste corrupti. Aliquam vitae voluptate autem repellat. Reiciendis id magni nobis dignissimos. Praesentium molestiae repellendus doloremque ex ut minima.',4431.78,5,'1996-02-04 16:53:10','1998-11-29 03:16:15'),(51,'quaerat','Rerum officia porro eius ab deleniti ducimus dolor. Et et ipsam aut tenetur magnam saepe voluptatem et. Minima adipisci nobis omnis consequuntur.',717.91,1,'1995-01-13 03:53:17','2008-05-30 10:09:21'),(52,'repellat','Optio enim itaque dolorem repellat. Voluptatem fugit aut aut dolorum doloremque dolor quia. Suscipit reiciendis optio pariatur voluptas ratione et. Debitis est numquam ipsa molestiae accusamus aut.',3985.04,3,'1987-04-18 04:21:07','2012-12-09 01:51:18'),(53,'minima','Veritatis quas voluptatibus sed possimus voluptates quisquam in illo. Ipsum facere quas perferendis corporis eos ipsam. Sunt aspernatur aut voluptatem enim ut.',8767.00,3,'1983-12-03 16:21:36','1976-04-16 16:58:22'),(54,'omnis','Consectetur aut aut distinctio quia et ratione rerum. Odio quibusdam et modi voluptatem sint alias minus et. Ipsa perferendis dolores facilis dolores qui dolorum.',9896.53,3,'2020-01-14 01:14:35','1978-10-08 05:19:30'),(55,'molestias','Est non pariatur dolore repellendus. Molestiae consequuntur voluptas corrupti id molestias. Eos quia deleniti cum quia sed.',9867.29,1,'1997-07-12 12:24:09','1993-08-23 18:16:11'),(56,'voluptatum','Eos ut accusamus vitae assumenda laudantium explicabo. Omnis velit aut voluptatem debitis ut adipisci quidem sint. Sunt fuga natus et. Fugiat quis culpa illo qui vero sed voluptatum.',8277.40,4,'1970-11-04 13:12:28','1980-03-12 20:06:42'),(57,'voluptate','Architecto recusandae provident facilis consectetur sunt. Dignissimos aut distinctio dolor vel excepturi. Quia rerum expedita maxime.',6618.70,4,'1977-05-08 12:20:08','1978-07-17 22:27:23'),(58,'exercitationem','Et suscipit et autem animi vel ut neque consequatur. Totam delectus accusamus aut. Odio animi incidunt ut id. Iure consequuntur voluptatem assumenda magni.',3457.41,4,'1984-09-29 07:21:21','2006-02-15 18:23:22'),(59,'dicta','Ex asperiores expedita ut vel et sit. Repellendus et voluptas et perspiciatis laudantium. Eos ut provident sint quo. Sapiente dolores similique sapiente dicta repudiandae.',8816.00,2,'1982-03-27 06:40:47','2003-09-24 10:29:02'),(60,'quia','Veritatis quia et dolor labore. Dolorem qui beatae qui temporibus omnis velit unde. Eius mollitia qui et natus. Alias dolores sit et exercitationem nisi voluptatem nesciunt sapiente.',5066.54,4,'2013-01-06 08:12:54','2013-11-11 15:35:08'),(61,'quibusdam','Culpa deleniti vel doloremque ipsum deleniti qui. Ipsum sint porro est ducimus est suscipit. Fuga blanditiis quisquam pariatur id voluptates vero natus. Laboriosam aliquam laboriosam numquam.',1110.23,1,'2021-07-13 05:09:02','2004-03-14 12:03:59'),(62,'porro','Provident voluptas iure rerum libero. Vero vitae quia non dolores. Expedita pariatur dolores ad architecto eveniet ratione.',6908.04,5,'2013-12-24 13:58:58','2022-05-23 09:07:05'),(63,'ipsum','Debitis corporis error reiciendis. Saepe voluptatibus laudantium eum in. Deleniti tempore esse sint. Necessitatibus et sit saepe omnis.',5489.30,5,'2013-11-10 13:32:35','2015-01-03 04:13:52'),(64,'aut','Qui velit rerum non accusamus. Illo ut consectetur eos. Omnis non non sint ut aut adipisci aut.',560.70,1,'1989-05-13 06:19:42','2013-08-01 01:45:33'),(65,'minus','Hic cumque ea reprehenderit dolorum. Voluptatem quisquam velit maiores distinctio. Qui voluptatem expedita consequatur assumenda.',5193.27,5,'1993-05-17 20:43:29','1981-04-02 08:46:21'),(66,'unde','Hic non amet eius impedit sunt et. Vel dicta est recusandae omnis deserunt possimus sequi. Delectus aut sequi aut non rerum. Error itaque dolore unde facere reiciendis voluptates qui eos. Iusto praesentium itaque totam maxime velit ea neque.',224.16,1,'1974-03-11 08:40:07','2013-05-05 13:01:16'),(67,'ut','Soluta et et magni ad ipsa dolore omnis. Esse veritatis consequatur ipsum sit hic porro eum. Assumenda laudantium sint aspernatur velit unde. Corporis laborum qui occaecati et minima maiores. Accusantium eos incidunt inventore natus sunt molestiae.',8545.94,5,'1997-12-12 01:30:49','1991-10-07 23:05:23'),(68,'est','Et quidem quos sed aperiam ad. At impedit dolore optio ad rerum incidunt ut. Voluptatum nisi placeat iure temporibus aspernatur nisi voluptatem.',1885.45,2,'2006-11-18 19:01:25','1998-09-09 06:55:00'),(69,'et','Earum soluta et quaerat reiciendis dolor. Aut dolores atque provident ipsam voluptates. Ea autem rem ducimus rerum.',266.05,3,'2013-10-05 20:37:28','1984-02-03 22:20:53'),(70,'porro','Et ut non vitae assumenda possimus quod qui id. Ut in quo laborum corrupti. Eum maiores debitis praesentium hic unde magni placeat.',3723.76,2,'2005-08-14 21:22:31','1999-01-11 08:33:35'),(71,'ipsa','Illo fuga ducimus excepturi ipsam ab numquam iusto expedita. Totam dolorem omnis vero illo ea tempora quae. Provident et et dolorum enim corporis.',1249.58,3,'1971-09-10 06:35:51','1996-10-13 00:18:02'),(72,'et','Dolorum delectus quam vero veritatis dolor. Quam soluta aut rerum praesentium.',481.00,2,'1975-06-05 09:09:02','2007-01-27 01:48:06'),(73,'repellat','Nihil sed consequuntur accusantium autem at velit non. Officia eligendi id perspiciatis atque nobis. Fugiat similique eum debitis sit fuga quam temporibus dolores. Sunt est qui dicta dolorem quidem.',5326.50,1,'1976-01-24 03:58:35','1994-11-02 00:20:25'),(74,'ullam','Commodi itaque qui ut nostrum non culpa. Temporibus et vero sint est et facilis.',2148.10,1,'1979-05-19 05:33:49','1991-07-18 03:39:42'),(75,'atque','Consectetur accusantium rerum quis error nostrum quia quisquam. Temporibus quisquam sint rerum provident saepe magnam. Deserunt qui velit dolorum sunt harum. Explicabo voluptatem eos voluptatum dolorem assumenda laudantium et nihil. Culpa dolorum tempora delectus sequi saepe.',8288.37,4,'2009-03-07 13:28:59','2019-05-07 16:13:30'),(76,'quis','Vel eos amet aliquam. Est exercitationem est ad in quidem et. Minus praesentium optio praesentium veniam laudantium. Voluptatum nam eaque qui veniam iusto omnis deserunt.',4931.09,3,'1999-10-07 01:27:08','1997-03-24 05:00:24'),(77,'pariatur','Nisi iste sed distinctio ad nostrum quia id. Facere iure similique eligendi qui et earum tenetur beatae. Ipsam quidem eveniet expedita aliquid. Non voluptatem accusantium sed.',7187.68,2,'1985-10-05 04:02:01','1977-02-10 20:31:29'),(78,'blanditiis','Reiciendis repellendus dolores eum at incidunt vel. Tempora consequatur aspernatur omnis quis quod quia beatae et.',2327.00,1,'2009-02-13 18:07:52','1993-06-04 15:49:18'),(79,'aut','Dolor et exercitationem et et non et optio. Molestiae cumque eveniet autem et eligendi a ut et. Eveniet debitis quasi ut vitae atque debitis a delectus.',3776.86,3,'2017-10-22 09:08:13','2022-10-07 19:11:57'),(80,'et','Voluptatem suscipit qui voluptas aspernatur aut ad error. Dolorem est quos quia accusamus officia. Voluptates dolor dolorem eum. Fugit dolorum at qui tempore cupiditate.',2326.33,5,'1997-01-06 13:59:52','2020-02-21 20:46:13'),(81,'ducimus','Sunt aut accusamus facere doloribus numquam voluptatibus aut. Quia nihil animi rem exercitationem. Aliquid molestiae doloremque explicabo.',7123.21,5,'2007-12-27 15:52:45','2013-12-03 07:19:46'),(82,'repellat','Quisquam et sint dignissimos praesentium sed praesentium non. Neque nisi dolor aut ut quidem. Voluptas non doloribus sapiente eos nihil iure fugit pariatur.',7709.30,3,'2011-05-09 01:38:16','1989-07-21 21:43:44'),(83,'consequatur','Eligendi quo quis odio perferendis qui et quia eum. Eum et distinctio ea facere optio voluptate corrupti omnis. Quod quidem non corrupti debitis. A earum repudiandae perspiciatis dolor qui aliquid quia.',9055.10,2,'1990-03-07 14:26:33','1988-04-19 05:21:12'),(84,'tempore','Dolorem quidem blanditiis quaerat explicabo. Exercitationem aut nemo aut facere repudiandae nam numquam assumenda. Itaque aperiam sunt et.',9295.01,2,'2017-12-18 23:53:51','1975-09-14 01:46:55'),(85,'ea','Dolore quisquam error dolor delectus. Consequatur quis tempore minus impedit facere voluptatem. Animi cum ex velit quae non. Dignissimos placeat ipsum autem at id. Repudiandae vitae sed consequuntur animi.',1831.10,5,'1994-06-19 03:18:43','1983-10-13 06:19:37'),(86,'nostrum','Quasi temporibus animi iure sed aut unde. Nulla error qui minus sequi alias numquam quaerat. Quae ullam eligendi ab id ut id maiores sint. Recusandae aut fugit nesciunt sit in nam.',3227.94,3,'1972-04-01 00:07:39','1973-07-16 10:38:52'),(87,'ut','Laboriosam eum autem id. Et voluptas corporis ea dignissimos dignissimos. Rerum sunt aut dignissimos quibusdam quam amet. Et voluptatem est inventore et et dolore aspernatur.',567.11,1,'1985-04-29 07:21:04','1975-04-19 07:32:18'),(88,'placeat','Enim qui culpa sapiente recusandae quidem laudantium. Voluptate qui voluptatum aperiam et veniam nostrum vel.',107.50,4,'2018-06-26 19:07:27','1995-02-03 08:31:02'),(89,'excepturi','Voluptate ipsa mollitia optio repellendus et. Aut velit dolorem ipsum quas. Vero vitae facere inventore et quo sequi. Qui vel tenetur omnis similique minima laudantium deserunt qui.',8133.04,1,'1993-12-08 11:16:35','1978-07-08 01:25:48'),(90,'officia','Consequatur incidunt architecto sapiente aliquid vel. Sit officia voluptatum qui facilis. Omnis voluptas doloremque voluptatem possimus est.',7219.68,2,'1976-10-05 11:37:44','2006-03-19 17:47:55'),(91,'doloribus','Aspernatur qui magnam libero deleniti sunt. Consequatur ut distinctio assumenda rerum et eos repellat. Aut ut quo ab asperiores in cum deleniti. Non aut vero ullam dignissimos magni repellendus. Aut voluptatem et esse ea voluptas nesciunt consequatur molestiae.',6924.25,2,'1970-12-23 02:41:10','2006-08-17 15:47:38'),(92,'sed','Quos sunt iste praesentium numquam aspernatur. Sunt voluptatem voluptas quisquam quo rerum doloribus non. Qui corrupti odio harum aliquid quia voluptatem. Facilis necessitatibus laudantium id illo nemo nulla.',4373.03,1,'1993-04-26 07:47:23','1998-07-08 03:09:10'),(93,'molestias','Eos praesentium qui nulla culpa commodi dolore architecto et. Qui autem nulla qui officia iure.',5262.00,2,'1990-12-07 10:59:47','1985-06-10 19:50:41'),(94,'quas','Ratione non provident iusto occaecati ut quisquam. Amet nesciunt cumque voluptatem inventore. Dolor provident soluta omnis maiores vitae.',6210.34,1,'2004-07-24 20:54:16','2006-10-28 03:01:19'),(95,'adipisci','Rem est placeat ut nulla velit. Eum ut quia quaerat corporis. Provident aperiam et minus non earum quia.',1609.59,2,'1997-05-11 12:39:35','1985-12-05 15:56:21'),(96,'aspernatur','Sapiente quia doloremque exercitationem iusto aut. Totam magnam consequatur in totam tenetur. A dolorem quo qui minus molestias.',2626.52,2,'1992-11-03 14:49:57','1979-10-27 02:20:15'),(97,'eos','Ad in tenetur ea quae et quo. Expedita sunt ut nisi ea perferendis sed id. Quidem neque id sunt. Qui hic quia doloribus nemo occaecati sequi.',4207.85,2,'1987-12-05 08:16:35','1978-08-06 12:03:09'),(98,'sit','Eum et earum labore aut fugit earum optio consequuntur. Ea ad dolores iusto. Et aut ullam et unde optio reiciendis.',2022.09,2,'1983-12-12 15:34:19','2012-03-13 04:36:52'),(99,'aperiam','At dolores itaque aliquam ipsa enim corporis magnam excepturi. Necessitatibus sequi doloribus minus. Corporis consequatur maiores eaque ut deleniti veritatis cupiditate. Aut animi explicabo officia quae quod molestiae debitis.',7184.27,3,'1971-01-30 01:33:59','1982-07-07 23:32:18'),(100,'unde','Ut dolores aut rerum. Vitae autem vel non molestias qui. Dicta dolores qui voluptate earum omnis est consequatur nulla. Voluptates enim delectus nisi.',7336.95,5,'1989-01-07 14:26:48','2018-07-26 07:56:36');
/*!40000 ALTER TABLE `products` ENABLE KEYS */;
UNLOCK TABLES;

--
-- Table structure for table `profiles`
--

DROP TABLE IF EXISTS `profiles`;
/*!40101 SET @saved_cs_client     = @@character_set_client */;
/*!40101 SET character_set_client = utf8 */;
CREATE TABLE `profiles` (
  `user_id` bigint(20) unsigned NOT NULL AUTO_INCREMENT,
  `birthday` date DEFAULT NULL COMMENT 'Дата рождения',
  `gender` char(1) COLLATE utf8mb4_unicode_ci DEFAULT NULL COMMENT 'Пол',
  `discount` int(10) unsigned DEFAULT NULL COMMENT 'Величина скидки от 0 до 20',
  `created_at` datetime DEFAULT current_timestamp(),
  `updated_at` datetime DEFAULT current_timestamp() ON UPDATE current_timestamp(),
  PRIMARY KEY (`user_id`),
  CONSTRAINT `profiles_ibfk_1` FOREIGN KEY (`user_id`) REFERENCES `users` (`id`) ON DELETE CASCADE ON UPDATE CASCADE
) ENGINE=InnoDB AUTO_INCREMENT=11 DEFAULT CHARSET=utf8mb4 COLLATE=utf8mb4_unicode_ci COMMENT='Покупатели';
/*!40101 SET character_set_client = @saved_cs_client */;

--
-- Dumping data for table `profiles`
--

LOCK TABLES `profiles` WRITE;
/*!40000 ALTER TABLE `profiles` DISABLE KEYS */;
INSERT INTO `profiles` VALUES (1,'1989-02-03','f',927985711,'2001-11-16 18:12:14','1989-09-24 03:49:56'),(2,'1987-02-24','m',787643257,'1984-03-20 16:35:22','2011-10-29 05:43:03'),(3,'1978-11-17','f',399699393,'1990-12-28 17:15:32','1983-04-20 16:30:36'),(4,'2008-06-17','f',5374,'2022-09-14 05:39:33','1995-05-07 13:33:27'),(5,'1988-03-10','f',39598,'1995-07-17 22:21:12','2013-12-24 12:44:07'),(6,'2014-02-18','m',30386037,'2013-09-29 14:03:41','1993-03-07 06:56:25'),(7,'2017-06-13','m',711,'1973-08-04 13:04:45','2012-12-14 08:47:36'),(8,'1981-03-18','m',50,'1971-09-30 19:23:07','1995-06-25 19:43:26'),(9,'1972-12-15','m',145143,'2009-06-20 23:27:47','1991-08-22 01:49:37'),(10,'2021-12-23','m',85993314,'1970-09-28 08:26:27','1974-08-12 20:25:38');
/*!40000 ALTER TABLE `profiles` ENABLE KEYS */;
UNLOCK TABLES;

--
-- Table structure for table `questions`
--

DROP TABLE IF EXISTS `questions`;
/*!40101 SET @saved_cs_client     = @@character_set_client */;
/*!40101 SET character_set_client = utf8 */;
CREATE TABLE `questions` (
  `id` bigint(20) unsigned NOT NULL AUTO_INCREMENT,
  `user_id` bigint(20) unsigned DEFAULT NULL,
  `product_id` bigint(20) unsigned DEFAULT NULL,
  `body` text COLLATE utf8mb4_unicode_ci DEFAULT NULL,
  `created_at` datetime DEFAULT current_timestamp(),
  `updated_at` datetime DEFAULT current_timestamp() ON UPDATE current_timestamp(),
  PRIMARY KEY (`id`),
  KEY `user_id` (`user_id`),
  KEY `product_id` (`product_id`),
  CONSTRAINT `questions_ibfk_1` FOREIGN KEY (`user_id`) REFERENCES `users` (`id`) ON DELETE CASCADE ON UPDATE CASCADE,
  CONSTRAINT `questions_ibfk_2` FOREIGN KEY (`product_id`) REFERENCES `products` (`id`) ON DELETE CASCADE ON UPDATE CASCADE
) ENGINE=InnoDB AUTO_INCREMENT=51 DEFAULT CHARSET=utf8mb4 COLLATE=utf8mb4_unicode_ci COMMENT='Вопросы';
/*!40101 SET character_set_client = @saved_cs_client */;

--
-- Dumping data for table `questions`
--

LOCK TABLES `questions` WRITE;
/*!40000 ALTER TABLE `questions` DISABLE KEYS */;
INSERT INTO `questions` VALUES (1,4,57,'Sed quis consectetur asperiores eos nobis dolore deserunt fugit. Et fugiat officia qui explicabo magni. Consequatur alias quo repellat quam eveniet ipsum voluptatem deleniti.','2009-01-28 16:13:15','2016-02-01 05:10:37'),(2,1,57,'Quia quae occaecati quo omnis molestiae vel distinctio quas. Et architecto pariatur sequi officiis aut. Rerum sunt quia quia.','1978-08-22 03:34:19','1988-07-24 00:39:05'),(3,10,9,'Omnis occaecati odit rerum distinctio aperiam molestiae. Soluta quam nam sed magnam repellat nihil aperiam. Rem laboriosam ut accusamus officia ipsum est quam enim.','1976-12-26 09:08:49','2008-12-21 10:42:10'),(4,5,23,'Non repellat autem itaque officia sunt sequi. Explicabo blanditiis aut dolorem consequatur. Ut fugit dolores velit aliquam nihil quis. Ad ut aut et culpa voluptas officiis harum.','2000-09-01 00:46:41','2017-11-18 08:23:35'),(5,2,25,'Odit fuga praesentium rerum quasi. Dignissimos odit qui a. Quia dolor sunt inventore quia inventore.','1970-08-04 04:19:52','1996-10-02 06:54:47'),(6,9,4,'A veritatis qui tempora sint doloremque voluptates natus. Corrupti harum natus corporis ut dolores earum non. Omnis debitis ab sunt nulla id modi illum. Provident quisquam quam ut ut. Et non eveniet quisquam laudantium at.','1986-02-11 17:21:54','2004-06-14 16:06:30'),(7,1,64,'Voluptatem ducimus ab quia earum. Aspernatur praesentium fuga repellendus expedita. Adipisci magni a dicta et.','1971-10-31 13:51:17','2020-01-24 17:01:30'),(8,6,64,'Earum provident debitis consequuntur. Nihil ex mollitia ea sapiente minus hic qui in. Adipisci accusamus sunt vel illo qui doloremque.','1978-05-20 12:14:43','2009-09-26 01:55:03'),(9,4,18,'Est non sunt voluptatibus ipsa. Fugiat sunt est dolor consectetur eveniet tempora accusantium.','1988-10-19 04:17:08','1984-05-01 19:28:15'),(10,1,35,'Sint optio aut natus dolor architecto. Aut asperiores rerum possimus omnis vel. Sint repellendus excepturi velit voluptatem.','1990-09-11 12:05:47','1992-08-28 17:13:15'),(11,7,22,'Soluta aut sit vero et illum. Molestias ducimus id dolorem maiores quas commodi quis est. Consequuntur qui sit laboriosam minus exercitationem velit expedita.','1999-04-19 06:47:43','2019-10-09 06:30:11'),(12,4,41,'Similique optio consequatur nostrum voluptatum ipsa est eligendi at. Voluptas est laboriosam et eos voluptatibus aut. Qui voluptatum eveniet ut asperiores accusantium voluptatem. Qui aliquam exercitationem rerum rerum qui.','1988-04-15 03:53:51','2020-02-21 05:45:37'),(13,5,49,'Corrupti ducimus in commodi sed natus aut. Aspernatur quo quia nobis itaque. Exercitationem sit alias sint ipsa sint odio.','2019-03-05 05:38:04','2003-01-09 12:02:43'),(14,3,83,'Cum vel tenetur et ut ratione dolorum. Autem quam eveniet veritatis et omnis asperiores. Deleniti quia sapiente quia et est.','1988-10-07 04:59:39','1981-12-07 15:19:16'),(15,4,65,'Aut non magni labore quod reiciendis sit eaque. Qui quos perferendis omnis voluptatem non voluptatem. Qui vitae repudiandae soluta. Unde amet non placeat suscipit inventore quisquam.','2004-11-21 02:14:00','2011-01-02 04:19:03'),(16,7,73,'Sint ut nam omnis voluptates et. Sed soluta assumenda quas dicta quae nulla minima quas.','2014-08-04 03:32:30','2011-07-16 16:53:26'),(17,3,72,'Soluta assumenda delectus perspiciatis. Repudiandae quam neque voluptatum nam. Magnam et vitae quia. Inventore tenetur est et totam aliquid maxime neque.','1974-04-05 01:07:44','1997-12-18 04:14:12'),(18,3,16,'Dolorem necessitatibus accusamus consequatur et libero dolores facere. Atque quidem nihil quia dolorem veniam. Nesciunt deleniti quia id sunt. Doloremque sint consequatur qui sed. Omnis ea autem exercitationem beatae assumenda.','1977-06-21 13:57:40','1982-01-06 14:21:33'),(19,8,76,'Sit et accusamus enim. Et iusto eum soluta. Facilis ipsa possimus molestiae dolores suscipit.','1990-03-19 19:24:11','1998-04-12 00:23:13'),(20,4,92,'Porro blanditiis sapiente id sunt nemo fugit voluptatem. Incidunt consectetur odit est rerum. Accusantium expedita necessitatibus blanditiis non. Ullam ut eos eveniet.','2012-06-13 01:41:54','2012-10-10 18:01:31'),(21,1,20,'Eius cumque ducimus molestiae earum veritatis exercitationem voluptatum. In modi ut aut officia aut vel. Consequatur aperiam ratione fuga officiis officiis corrupti similique. Incidunt deleniti amet neque nihil. Culpa soluta animi praesentium.','1990-12-30 01:34:26','2015-01-15 04:42:49'),(22,10,4,'Enim facilis debitis voluptas vel aliquid deserunt quos officia. Explicabo debitis quod aperiam accusantium ad et alias. Quos dolorem nulla ab ratione dolor vitae et. Laborum perspiciatis animi minima consequuntur.','1998-02-04 15:06:39','2014-05-23 09:42:10'),(23,9,48,'Voluptatum minus aperiam non cupiditate ea. Numquam blanditiis eius tenetur nesciunt. Laboriosam corporis ut perferendis commodi. Mollitia accusantium recusandae dignissimos autem deleniti quisquam.','1985-04-16 05:03:36','2005-05-08 00:30:27'),(24,7,16,'Aliquid aliquid omnis doloremque vel totam aut. Blanditiis atque dolor magni quia pariatur quia magni. Voluptatem voluptatem non et quis.','2007-04-19 15:56:11','2003-05-11 13:07:42'),(25,7,75,'A ad dolor molestiae omnis nesciunt eius dolore. Ut unde et quia rerum delectus consequuntur. Accusantium odit qui amet et omnis. Rerum ut ea saepe labore.','2019-11-04 03:10:50','2008-01-03 15:40:43'),(26,6,31,'In ab impedit officiis blanditiis laborum est consectetur. Aut veritatis in animi nostrum dolores laboriosam eos. Et sit soluta perspiciatis qui nihil nobis omnis reiciendis.','2021-02-22 22:20:10','2022-10-04 13:43:56'),(27,10,83,'Et commodi nesciunt dolorem aperiam sunt. Qui voluptatem sit enim qui doloremque. Quidem saepe cupiditate libero. Earum saepe eligendi voluptate aperiam et numquam optio.','1983-05-28 11:21:27','2005-03-11 04:38:21'),(28,8,38,'Veniam enim praesentium provident delectus dolorum provident. Illum sequi sunt et cupiditate eveniet quia. Sed incidunt et dignissimos ducimus.','1977-08-07 07:44:54','2003-09-25 14:35:03'),(29,4,1,'In fuga libero nemo dicta quia recusandae et. Rerum itaque esse necessitatibus aut laudantium asperiores ut. Mollitia quaerat accusamus nulla aut repudiandae.','1988-01-22 10:54:04','2016-08-10 00:15:47'),(30,2,68,'Sequi aut illum rem consequatur qui quia esse. Facilis itaque enim vel quis aperiam. In ut laudantium eos in non. Ducimus ut vel sapiente.','1974-12-25 20:57:10','1998-09-18 03:58:26'),(31,7,84,'Numquam facere nobis culpa dolores rem cumque ut et. Cumque qui ad recusandae maiores quis et error. Magni dolores at id placeat.','2021-03-04 14:17:47','2006-01-07 11:56:26'),(32,5,85,'Eos dolorem ullam facilis sequi hic voluptatum. Adipisci voluptate neque sint corrupti excepturi aspernatur. Qui et voluptatem possimus quos omnis. Facilis facere voluptas reiciendis saepe et.','1998-04-24 16:36:46','1972-01-25 09:14:28'),(33,6,70,'Ea debitis accusantium suscipit culpa ea amet maiores. Quos odio distinctio quia laborum. Illo provident accusantium omnis qui sunt hic mollitia. Eveniet veritatis qui enim corrupti voluptatem.','2015-05-25 00:47:18','2022-03-15 03:47:28'),(34,1,35,'Qui cumque consequuntur placeat error ut amet iusto. Et aspernatur soluta ipsa quia ut ut placeat. Aut et voluptas et et tempora. Quo voluptatem numquam ipsam ullam alias ut.','2008-02-16 03:11:32','1997-08-27 02:00:52'),(35,5,39,'Ad cum ipsum minus laudantium quia. Sunt omnis perspiciatis error cum. Aspernatur natus nemo adipisci accusantium esse quo.','1995-07-28 05:48:50','2005-03-19 04:36:29'),(36,3,46,'Eligendi accusantium velit qui debitis voluptatum. Recusandae cum distinctio voluptas et sunt. Voluptatibus in doloremque quam et sit dolore qui aliquid. Iste sequi inventore explicabo.','2007-06-18 12:29:50','1982-07-18 23:37:42'),(37,6,22,'Quis dolorum quasi sint sint. Atque repudiandae nobis hic. Consequatur ex cum quasi nihil natus reiciendis.','2000-04-24 02:01:58','1997-05-29 03:00:29'),(38,5,42,'Et suscipit velit repellat voluptatem minima omnis laborum. Deleniti perspiciatis dolorem aut consequatur consequatur inventore totam. Mollitia magni ut velit at maxime quam illum. Quibusdam rerum nostrum possimus beatae et.','1983-09-12 09:08:09','1991-09-11 19:26:05'),(39,7,16,'Ut voluptas nesciunt repellat. Ducimus maiores dolorem ut ut. A ab placeat quae quos ut. Doloribus sint quidem tempore dolorem tempora omnis ut alias.','1971-01-17 13:03:41','2010-01-12 21:48:50'),(40,6,35,'Minima temporibus dolor nulla exercitationem. Iure facilis a omnis. Ut excepturi laborum ad. Blanditiis recusandae delectus tempore rerum est possimus nostrum.','1973-01-26 04:58:47','1975-02-03 21:47:26'),(41,10,8,'Voluptatum quia sit laboriosam quidem nisi doloribus repellendus. Dolorem ut omnis omnis enim voluptatem et. Sapiente incidunt sit vel deserunt minima molestiae. Voluptas provident et officia et quia.','1976-12-26 17:47:26','2006-07-13 05:31:02'),(42,7,87,'Itaque at hic ut ea similique cum eum. Eius deserunt aut excepturi et esse voluptate dolorum. Porro reprehenderit dignissimos laborum rerum. Voluptas occaecati laudantium voluptatem id.','1993-11-24 01:20:09','1989-03-19 17:16:24'),(43,10,37,'Non ipsum rerum itaque ipsum autem blanditiis dolorem. Iusto magnam quia non nobis deleniti est. A aliquam laboriosam totam dolor rem. Excepturi tempore aliquid sequi ducimus. Consequatur quaerat ipsam minus tenetur sequi maxime.','2021-09-06 00:14:13','2000-12-02 18:44:04'),(44,3,22,'Rerum quisquam minima earum repudiandae et delectus. Pariatur dolores ad eligendi impedit corrupti tempore dolorem odio. Odio expedita omnis ut.','1974-02-24 03:31:38','1991-03-11 10:40:18'),(45,4,44,'Ut rem quia sint. Ab consequatur deleniti ea fuga dolor ratione. Quas voluptate facilis aut porro ad quibusdam.','2000-02-21 18:12:07','2001-06-09 02:08:55'),(46,9,2,'Dolor error quis eligendi laborum quo suscipit non quibusdam. Qui et laudantium sit praesentium quas dolorem aut. Quia molestias voluptatem adipisci quis laudantium delectus voluptatum eveniet.','2004-04-09 20:33:41','1981-03-24 05:17:49'),(47,3,30,'Similique tenetur tenetur officia ipsum magnam quia architecto atque. Unde suscipit ut sed reprehenderit est dolores aspernatur. Autem quisquam molestiae soluta nisi inventore consectetur.','1974-07-12 22:06:29','1997-08-03 00:21:59'),(48,9,81,'Atque dolor distinctio et et sunt. Hic ducimus occaecati eaque doloribus dignissimos. Magni error sint sunt excepturi fuga nesciunt. Assumenda et commodi rerum numquam sit provident est.','1993-09-01 17:02:59','2000-11-22 20:36:55'),(49,10,87,'Facere autem repudiandae ut dolorem voluptatum nihil. Dolor quasi molestias quis velit. Quis sit quos est ut magnam ea temporibus.','1975-02-03 15:16:59','1993-04-14 06:15:52'),(50,2,45,'Exercitationem praesentium inventore nemo facere blanditiis culpa. Facilis culpa aliquid autem rerum architecto nesciunt. Reiciendis aut non ipsa atque incidunt itaque laudantium.','2019-05-18 11:47:39','1984-09-28 18:31:23');
/*!40000 ALTER TABLE `questions` ENABLE KEYS */;
UNLOCK TABLES;

--
-- Table structure for table `reviews`
--

DROP TABLE IF EXISTS `reviews`;
/*!40101 SET @saved_cs_client     = @@character_set_client */;
/*!40101 SET character_set_client = utf8 */;
CREATE TABLE `reviews` (
  `id` bigint(20) unsigned NOT NULL AUTO_INCREMENT,
  `user_id` bigint(20) unsigned DEFAULT NULL,
  `product_id` bigint(20) unsigned DEFAULT NULL,
  `body` text COLLATE utf8mb4_unicode_ci DEFAULT NULL,
  `created_at` datetime DEFAULT current_timestamp(),
  `updated_at` datetime DEFAULT current_timestamp() ON UPDATE current_timestamp(),
  PRIMARY KEY (`id`),
  KEY `user_id` (`user_id`),
  KEY `product_id` (`product_id`),
  CONSTRAINT `reviews_ibfk_1` FOREIGN KEY (`user_id`) REFERENCES `users` (`id`) ON DELETE CASCADE ON UPDATE CASCADE,
  CONSTRAINT `reviews_ibfk_2` FOREIGN KEY (`product_id`) REFERENCES `products` (`id`) ON DELETE CASCADE ON UPDATE CASCADE
) ENGINE=InnoDB AUTO_INCREMENT=51 DEFAULT CHARSET=utf8mb4 COLLATE=utf8mb4_unicode_ci COMMENT='Отзывы';
/*!40101 SET character_set_client = @saved_cs_client */;

--
-- Dumping data for table `reviews`
--

LOCK TABLES `reviews` WRITE;
/*!40000 ALTER TABLE `reviews` DISABLE KEYS */;
INSERT INTO `reviews` VALUES (1,9,55,'Quia aperiam accusamus fuga accusamus occaecati optio nam dicta. Assumenda iste consequatur tenetur minima omnis enim est qui. Necessitatibus facere non nemo molestiae quaerat. Doloribus nihil architecto magni ut.','2000-08-26 00:07:10','2013-04-06 20:54:55'),(2,3,84,'Quisquam et aliquid incidunt repellendus. Maiores voluptatibus officia porro praesentium vel. Est ex iste qui omnis sapiente quam fuga.','2005-10-19 15:43:22','2021-07-03 14:21:16'),(3,2,20,'Quos est quia reiciendis corporis ut eius. Ea distinctio et vel autem. Quibusdam aut nesciunt impedit deserunt eveniet alias.','1972-10-30 17:01:30','2016-02-20 15:24:35'),(4,5,29,'Voluptatum repellat voluptatem eos facilis. Quasi aut pariatur quidem provident minima rerum. Maxime fugiat quis necessitatibus dolorem minus consequatur fugit incidunt.','2001-05-18 10:01:18','2013-02-13 20:07:37'),(5,10,1,'Temporibus cum earum dignissimos earum. Omnis quibusdam est totam quis temporibus. Iste ratione cupiditate est odit eligendi.','1970-02-12 20:42:26','2005-01-13 22:25:44'),(6,6,68,'Error hic sed id eos quia perspiciatis. Quam deserunt quia quia atque similique doloribus. Nulla saepe officia accusantium voluptatem ab. Vero recusandae deleniti tempore est dolore a aut.','2007-11-10 06:20:08','1997-05-24 19:47:20'),(7,8,28,'Quos rerum et et deserunt sed. Libero ratione totam officiis reprehenderit necessitatibus aut voluptatem. Nostrum quisquam ullam corporis fugiat blanditiis deleniti ad eum.','1990-05-05 23:24:39','2009-10-04 21:38:06'),(8,4,77,'Et qui qui delectus quidem pariatur fugiat vel earum. Voluptas sit impedit quibusdam deleniti aut architecto velit. Eum doloribus quasi nostrum deserunt nostrum est aut ut. Ipsam quia ut ipsum ducimus totam veniam quaerat perferendis.','1976-01-23 11:51:07','1974-06-29 23:41:47'),(9,1,11,'Modi et ut nam qui. Odio ut quaerat eaque officia est. Consequuntur reiciendis et reiciendis consequatur dolor temporibus. Et nobis nemo sint odit repellendus itaque ut.','2006-10-30 07:56:01','1973-10-28 18:36:50'),(10,6,7,'Atque et similique est cum aut vero ut. Et accusamus ut cumque a est culpa qui. Quo repellendus quia repellendus vel voluptas tempora est rerum. Blanditiis unde voluptate expedita praesentium fugit.','2015-01-05 16:38:58','1997-03-04 18:15:21'),(11,6,73,'Natus inventore sed velit amet quia ut. Voluptatibus dolorem deserunt hic voluptatibus rerum. Pariatur consectetur aut neque nisi sequi dolor accusamus. Totam molestias sit quam maiores quo.','2022-07-11 18:57:21','1991-05-28 14:23:35'),(12,7,37,'Occaecati earum quam consequatur laboriosam animi magni laudantium. Iusto fugiat odio libero enim laudantium. Nulla animi doloremque recusandae cupiditate ea ut pariatur et. Perspiciatis voluptatem sit at quas deserunt.','2016-10-04 08:19:24','1978-07-25 10:41:50'),(13,7,98,'Aliquam tempore neque adipisci perspiciatis explicabo laboriosam aliquid. Omnis dolor sapiente temporibus ut. Omnis deserunt repellat aliquid voluptatem. Beatae laborum voluptas est fugiat at voluptatum esse. Quia et ut quidem quos velit aut.','1973-10-02 03:50:53','2015-07-04 23:30:00'),(14,10,84,'Officiis dolorem ab minus sit. Ratione assumenda porro dolorum ipsam eum doloribus. Veniam dolorem voluptatem ea temporibus ut.','2011-03-01 13:33:58','1975-06-19 23:50:57'),(15,2,60,'Distinctio aut quis dicta illo neque est. Doloribus rerum aperiam quia possimus culpa sed. Autem omnis sequi qui ducimus sed accusantium.','1977-10-14 20:44:50','1977-06-20 04:28:55'),(16,10,99,'Porro expedita modi ab et. Et ducimus porro molestiae earum molestias. Maxime assumenda repellendus est est unde harum nam. Esse laborum in autem explicabo dolor deleniti.','1974-03-29 07:36:05','2002-06-17 17:59:06'),(17,2,22,'Ducimus nobis ea in molestiae facere ea magnam. Nostrum veritatis quibusdam atque unde enim pariatur ipsam excepturi. Odit id aut sunt harum. Impedit voluptas suscipit ad asperiores et.','2016-10-13 09:13:12','2013-08-15 14:36:42'),(18,9,31,'Numquam eligendi incidunt maxime debitis nihil dolorem. Tempore eos aut ipsa odit facilis quae aperiam. Sed et molestiae voluptatem corporis et sunt quos. Autem ea aspernatur iusto.','2003-11-22 09:47:41','1981-06-01 19:34:31'),(19,5,30,'Placeat voluptas aliquid in qui blanditiis enim facere. Quia dolore sint eius voluptatem. Commodi saepe labore quia temporibus doloribus distinctio odio. Temporibus molestias et sapiente dignissimos incidunt ipsum recusandae.','2004-07-13 08:07:50','2018-02-13 02:23:15'),(20,6,37,'Illo ea quis eligendi temporibus consequuntur. Enim quo sed et eum. Odit ut veritatis et non cupiditate quia consequuntur. Odit sequi quia officiis vero et unde et.','1983-07-02 17:30:03','2011-06-14 21:59:26'),(21,3,11,'Reiciendis facere quis nemo non non excepturi. Officia pariatur aut autem quaerat omnis qui. Sequi cumque qui cumque voluptas et quae suscipit consequatur.','2009-02-20 05:12:39','1970-04-29 01:31:36'),(22,1,7,'Repudiandae nobis a totam numquam dicta similique quo. Aut enim dolorem non nisi harum autem. Vel nulla porro et et enim cum. Doloribus enim dicta qui ut totam odit excepturi.','1986-11-02 05:08:06','1985-04-06 11:15:39'),(23,4,36,'Accusamus recusandae in temporibus amet. Assumenda praesentium non sed quisquam mollitia temporibus. Repellendus iure eaque quia eveniet.','1985-04-24 02:55:53','1982-03-21 03:07:16'),(24,9,47,'Perferendis consequuntur temporibus culpa ipsum. Expedita autem tempora ut tempora eaque animi similique. Rem nostrum voluptas ea delectus laborum. Totam deserunt autem voluptas autem.','1996-06-21 10:34:14','2009-08-05 16:40:09'),(25,5,41,'Veniam non eum voluptate esse velit. Assumenda aut velit qui est quia aut.','1981-09-22 08:56:28','1980-04-06 17:41:35'),(26,6,4,'Qui et debitis cupiditate aut sint. Consectetur incidunt suscipit quis ut consectetur rerum commodi. Numquam est vel ea dolor maiores.','1977-07-26 17:35:02','2019-07-23 09:00:32'),(27,2,19,'Dolores distinctio aut qui sunt saepe praesentium. Adipisci impedit quos magnam voluptate. Molestiae ut et molestias harum sapiente. Perferendis minus autem consequatur molestias tempore laboriosam.','1988-06-18 19:23:43','2008-07-26 22:17:12'),(28,4,82,'Maxime quam cumque in. Rem totam est sint. Non quia ipsam doloribus est ratione praesentium nulla.','2020-11-28 04:33:31','1976-09-17 13:25:33'),(29,2,33,'Nihil dolorem quo vitae eum. Nobis tempore harum deleniti eum ex eum. Quia magnam repellendus quasi ipsum molestiae voluptate.','2009-01-11 16:57:27','1976-06-15 09:43:11'),(30,7,33,'Harum magnam fugiat explicabo autem. Placeat et ipsum quis sit. Occaecati alias explicabo hic.','1976-03-08 22:20:33','1987-01-18 05:21:49'),(31,10,59,'Labore dignissimos animi illum architecto in sed. Beatae incidunt ut reiciendis magni eius nostrum. Repellendus voluptatem quo dolorem ipsum. Ea voluptas eum nesciunt nulla est expedita commodi.','1975-09-29 05:32:13','1972-07-30 06:02:41'),(32,4,6,'Qui eveniet sunt sed sequi. Aliquam vel culpa iusto quae ipsa dolores voluptatum. Eius quia ullam dolorem est non non ducimus. Voluptatibus dolores laborum placeat nesciunt.','2004-05-26 23:53:10','1983-09-13 07:03:26'),(33,9,14,'Velit excepturi sequi autem est hic nesciunt soluta. Eos ipsum rerum quia repudiandae sed. Asperiores est in possimus dolores praesentium. Rerum aliquam voluptatem voluptate velit facilis id.','1999-11-07 11:13:28','1983-01-23 18:45:49'),(34,4,22,'Alias est in est non non qui similique. Sed doloribus quas aut voluptas vero saepe explicabo. Et in est odit iste necessitatibus quas molestiae. In exercitationem et doloribus perferendis unde reiciendis odio. Aut ut aut consectetur corrupti.','2015-02-10 16:18:13','2018-03-25 16:46:00'),(35,5,96,'Inventore est eligendi molestiae vitae aut et. Repellendus omnis repudiandae fugit et ipsum unde.','2011-10-13 05:25:37','2022-10-08 04:52:31'),(36,6,72,'At incidunt minus similique nulla et fuga asperiores. Ut maiores error ipsum iusto. Quam magni quia aut dolorem. Maiores optio accusantium explicabo ea molestiae labore. Illo dolorem placeat est et.','1981-03-09 16:09:13','1982-08-08 21:08:33'),(37,1,62,'Voluptates dolorem fugiat ratione repudiandae est. Natus adipisci suscipit eos in sed dolores qui. Aperiam beatae blanditiis dolorem accusantium sit cum aut aut.','1971-05-17 20:16:16','1989-01-08 00:19:10'),(38,8,44,'Praesentium eum sed a sed ea. Quia ab id inventore at occaecati voluptates. Porro blanditiis id sed voluptates praesentium quis.','2003-01-06 20:35:34','1986-06-02 06:58:35'),(39,10,61,'Neque fugiat et est est ad. Neque impedit autem quia iure voluptas. Amet esse a non doloribus nihil dolore omnis. Amet ullam natus est voluptas sint. Ut ratione accusamus quae eveniet provident voluptatem.','1993-01-10 23:13:23','1997-09-15 17:20:54'),(40,10,44,'Ut architecto dolorem alias quam. Consectetur exercitationem deleniti porro porro dolores. Est autem aliquam ut repellat cum iusto tempora.','2007-08-13 05:33:16','1975-07-02 11:08:48'),(41,1,45,'Eligendi et a expedita excepturi. Sint ipsam unde quis fugiat laudantium quidem pariatur. Quibusdam iusto blanditiis aliquam dicta.','2018-08-23 00:06:02','2019-03-04 06:56:59'),(42,5,15,'Nulla dicta expedita ut corporis. Facere a molestias libero tenetur id. Voluptatem facilis nesciunt saepe tempore.','1978-04-13 06:01:45','1990-09-12 18:40:29'),(43,7,87,'Numquam voluptatum aut cupiditate at tempora assumenda. Temporibus nobis omnis a doloribus iusto velit. Est necessitatibus similique inventore. Inventore et recusandae vero.','1983-01-27 11:29:03','2017-05-17 15:52:53'),(44,10,79,'Est ex at placeat magni ut quas temporibus. Blanditiis magni dolores cum corrupti deleniti minima perspiciatis aut. Architecto a autem aliquid dolores et molestiae. Fugiat suscipit natus eos facere.','2002-10-08 09:08:37','1984-02-24 12:09:25'),(45,2,61,'Sint itaque sunt voluptas officia ipsam similique. Voluptatibus voluptatem odio molestiae aut. Ea et accusantium voluptatum eligendi officiis ea. Quaerat ut exercitationem nisi eum maxime ex quos odit.','1978-02-28 08:13:13','1979-10-19 11:54:52'),(46,2,12,'Sit assumenda consequatur repellat qui. Voluptas id qui et minima. Unde rem eligendi quos quod et tempora est. Aspernatur voluptatum voluptatem error ut consectetur accusamus repellat. Similique labore et assumenda dolorem neque sapiente nulla.','1985-04-23 23:44:33','2007-04-19 00:28:01'),(47,2,42,'Est libero ex a quod ea maxime. Voluptates qui expedita ea. Dignissimos eaque quo fugiat pariatur. Quibusdam et occaecati dolorem vero omnis aliquid impedit.','2018-01-10 16:31:48','1971-09-26 00:18:15'),(48,2,100,'Aliquam at vel et ut facilis illo aut ut. Sapiente delectus modi blanditiis soluta aliquid. Veniam enim nisi laudantium illo illo vel. Quidem cumque vel quos ea et sit.','1972-11-14 08:06:28','2022-06-07 04:21:27'),(49,6,53,'Odio repellendus tempora aut autem rem quos. Nihil modi ipsa et dolorum aut possimus. Sit quis repellat nostrum laborum. Est est ut voluptatum accusamus et.','1990-08-03 23:30:42','1992-09-16 12:52:01'),(50,3,98,'Eveniet temporibus consequuntur alias soluta. Quo et sed rerum natus.','1986-01-30 07:21:27','1973-10-28 19:04:15');
/*!40000 ALTER TABLE `reviews` ENABLE KEYS */;
UNLOCK TABLES;

--
-- Table structure for table `storehouses`
--

DROP TABLE IF EXISTS `storehouses`;
/*!40101 SET @saved_cs_client     = @@character_set_client */;
/*!40101 SET character_set_client = utf8 */;
CREATE TABLE `storehouses` (
  `id` bigint(20) unsigned NOT NULL AUTO_INCREMENT,
  `name` varchar(100) COLLATE utf8mb4_unicode_ci DEFAULT NULL COMMENT 'Название',
  `created_at` datetime DEFAULT current_timestamp(),
  `updated_at` datetime DEFAULT current_timestamp() ON UPDATE current_timestamp(),
  PRIMARY KEY (`id`)
) ENGINE=InnoDB AUTO_INCREMENT=6 DEFAULT CHARSET=utf8mb4 COLLATE=utf8mb4_unicode_ci COMMENT='Склады';
/*!40101 SET character_set_client = @saved_cs_client */;

--
-- Dumping data for table `storehouses`
--

LOCK TABLES `storehouses` WRITE;
/*!40000 ALTER TABLE `storehouses` DISABLE KEYS */;
INSERT INTO `storehouses` VALUES (1,'nemo','1976-01-17 06:13:59','1974-05-28 00:38:48'),(2,'quia','1972-08-27 21:12:32','2004-07-03 22:54:02'),(3,'molestias','1977-11-27 19:33:43','2004-03-09 06:30:44'),(4,'commodi','1993-01-22 17:31:24','2013-05-31 11:10:07'),(5,'ut','2006-08-06 19:06:13','2021-08-14 22:52:19');
/*!40000 ALTER TABLE `storehouses` ENABLE KEYS */;
UNLOCK TABLES;

--
-- Table structure for table `storehouses_products`
--

DROP TABLE IF EXISTS `storehouses_products`;
/*!40101 SET @saved_cs_client     = @@character_set_client */;
/*!40101 SET character_set_client = utf8 */;
CREATE TABLE `storehouses_products` (
  `product_id` bigint(20) unsigned NOT NULL AUTO_INCREMENT,
  `storehouse_id` bigint(20) unsigned DEFAULT NULL,
  `value` int(10) unsigned DEFAULT NULL COMMENT 'Запас товарной позиции на складе',
  `created_at` datetime DEFAULT current_timestamp(),
  `updated_at` datetime DEFAULT current_timestamp() ON UPDATE current_timestamp(),
  PRIMARY KEY (`product_id`),
  KEY `storehouse_id` (`storehouse_id`),
  CONSTRAINT `storehouses_products_ibfk_1` FOREIGN KEY (`storehouse_id`) REFERENCES `storehouses` (`id`) ON DELETE CASCADE ON UPDATE CASCADE,
  CONSTRAINT `storehouses_products_ibfk_2` FOREIGN KEY (`product_id`) REFERENCES `products` (`id`) ON DELETE CASCADE ON UPDATE CASCADE
) ENGINE=InnoDB AUTO_INCREMENT=101 DEFAULT CHARSET=utf8mb4 COLLATE=utf8mb4_unicode_ci COMMENT='Запасы на складе';
/*!40101 SET character_set_client = @saved_cs_client */;

--
-- Dumping data for table `storehouses_products`
--

LOCK TABLES `storehouses_products` WRITE;
/*!40000 ALTER TABLE `storehouses_products` DISABLE KEYS */;
INSERT INTO `storehouses_products` VALUES (1,4,7,'1991-08-07 17:46:00','2013-08-21 11:40:01'),(2,3,18,'1970-04-30 15:58:15','1979-01-01 11:47:30'),(3,3,15,'2010-09-14 17:57:47','2006-11-20 01:44:37'),(4,2,5,'1976-02-15 02:13:13','1973-02-07 10:17:26'),(5,1,17,'1977-12-07 09:04:02','1996-12-16 02:03:49'),(6,4,9,'2005-11-28 22:02:20','2007-11-24 07:27:07'),(7,2,13,'2009-10-04 09:43:23','2012-05-06 20:28:17'),(8,3,18,'1998-06-15 05:43:17','1996-02-05 02:10:52'),(9,5,7,'1995-09-23 18:46:10','1976-08-15 09:29:27'),(10,1,16,'1974-12-02 02:06:04','1978-01-16 22:20:40'),(11,4,3,'1976-12-12 01:13:47','1971-04-23 17:14:30'),(12,2,2,'1973-02-10 13:46:23','1981-07-11 15:57:55'),(13,3,19,'1976-12-31 18:19:15','1983-04-17 15:21:22'),(14,3,6,'2022-10-01 05:16:45','2014-07-20 03:09:02'),(15,2,18,'2017-01-21 14:25:43','1977-09-08 05:18:48'),(16,5,6,'2012-08-06 03:49:26','1971-01-31 00:43:10'),(17,4,11,'1992-08-01 03:00:09','2012-09-15 01:43:16'),(18,3,6,'2005-01-24 14:48:55','1989-10-29 21:28:59'),(19,4,17,'2009-11-03 17:54:31','2006-01-31 17:38:53'),(20,3,16,'1995-12-13 19:25:36','1994-06-28 20:14:26'),(21,2,3,'1981-08-28 16:20:09','1989-06-28 03:57:15'),(22,4,8,'1975-08-20 19:37:43','2016-12-21 13:37:46'),(23,3,8,'2002-08-09 13:19:27','1992-08-02 14:58:09'),(24,1,1,'1995-02-02 19:56:09','2017-02-10 21:35:57'),(25,5,11,'2009-11-07 22:30:03','1976-08-11 19:24:37'),(26,5,2,'1971-06-30 22:54:15','1978-02-08 17:05:50'),(27,1,16,'2013-09-16 15:50:04','1993-12-13 20:38:42'),(28,1,9,'1983-07-23 07:46:36','1977-06-23 22:47:58'),(29,2,5,'1994-02-12 08:34:05','2015-06-11 05:49:34'),(30,5,8,'2005-01-27 18:36:42','1992-03-20 22:35:37'),(31,5,14,'2000-08-19 03:17:11','1998-04-23 13:14:13'),(32,1,11,'1991-02-05 01:52:51','2004-04-28 15:01:06'),(33,2,8,'1987-05-22 19:46:55','2013-07-20 08:08:19'),(34,2,8,'1977-09-21 16:27:32','2000-02-01 10:39:13'),(35,2,15,'1974-12-18 08:40:42','1971-12-27 22:36:10'),(36,3,9,'1992-12-18 07:03:58','1995-05-03 23:35:34'),(37,5,10,'1989-12-31 07:10:11','2005-08-09 17:40:09'),(38,4,6,'1999-06-17 04:06:15','2006-12-29 10:55:08'),(39,1,12,'1990-10-13 20:30:40','2014-03-15 11:56:44'),(40,5,6,'1998-04-07 03:55:37','2006-12-18 19:50:28'),(41,4,17,'1991-11-30 04:32:21','1997-01-11 17:43:40'),(42,4,14,'2000-05-31 09:31:51','2021-06-14 09:36:51'),(43,2,14,'1987-01-25 01:27:45','2013-01-29 19:45:45'),(44,1,5,'1991-05-31 13:21:33','1985-07-19 09:13:48'),(45,2,1,'1995-04-12 00:44:42','1973-02-23 12:45:04'),(46,3,6,'2002-05-10 00:35:44','2021-03-27 09:23:04'),(47,1,15,'2007-12-18 06:02:23','1972-04-23 18:27:38'),(48,5,2,'2009-12-17 08:45:21','1971-10-08 07:00:48'),(49,1,8,'2017-01-17 01:27:59','1994-06-05 11:43:55'),(50,4,5,'1970-05-14 01:10:15','2014-12-25 09:21:44'),(51,3,0,'1972-06-19 01:26:46','1977-06-29 18:21:43'),(52,2,9,'2022-09-26 15:13:08','1993-08-19 20:41:57'),(53,3,16,'1973-04-24 08:44:20','1986-01-04 09:57:11'),(54,5,13,'2007-03-16 02:39:06','1974-02-01 17:59:42'),(55,2,3,'2009-02-13 21:31:22','1976-11-19 19:49:32'),(56,2,1,'1990-12-16 10:56:06','2019-10-24 22:08:29'),(57,5,0,'2016-10-19 05:54:18','1970-12-22 12:32:32'),(58,3,19,'1975-11-20 20:10:06','1997-08-21 08:45:23'),(59,3,3,'2017-08-24 01:33:44','1978-01-02 21:16:07'),(60,1,6,'2003-02-08 10:41:26','1979-07-12 00:32:49'),(61,3,15,'1996-06-12 06:03:14','1998-08-15 16:00:17'),(62,2,13,'1980-05-26 05:28:45','2013-08-06 10:17:33'),(63,1,12,'1983-02-04 00:07:39','1994-01-05 09:45:25'),(64,4,5,'1983-04-20 10:38:24','2005-06-05 08:27:34'),(65,4,9,'2009-12-31 00:01:09','1995-02-16 07:31:31'),(66,3,9,'2011-10-13 16:40:07','2014-04-21 23:47:53'),(67,2,7,'2020-04-05 02:10:01','1983-05-22 16:07:59'),(68,4,17,'1977-08-16 03:19:50','1976-06-07 21:20:16'),(69,2,11,'2002-02-21 18:59:33','1975-05-06 08:17:49'),(70,2,4,'2019-08-23 16:26:21','2010-07-01 01:38:05'),(71,3,0,'1990-04-03 02:05:04','2004-05-29 19:01:41'),(72,1,15,'1998-08-02 18:42:01','1975-12-08 18:25:37'),(73,1,12,'1977-10-16 21:56:01','1987-08-21 13:25:09'),(74,4,9,'1989-08-17 04:23:02','2007-02-02 17:18:49'),(75,2,18,'2015-03-09 11:19:22','2019-12-18 20:24:23'),(76,3,19,'2017-05-28 11:38:19','1985-09-20 02:59:39'),(77,1,9,'1992-09-22 01:07:43','2002-08-25 09:35:21'),(78,2,3,'1991-09-05 02:10:37','1989-02-02 18:31:29'),(79,3,1,'2022-07-04 04:56:31','2006-05-17 17:05:50'),(80,2,13,'1974-10-28 09:50:32','2007-04-11 11:45:57'),(81,1,7,'2019-11-23 02:06:36','1973-02-12 07:23:02'),(82,5,13,'2013-06-09 17:36:47','2003-10-29 12:29:51'),(83,4,5,'1997-09-21 08:51:21','2016-06-14 17:30:15'),(84,3,16,'1997-03-25 21:00:11','1983-10-28 14:25:41'),(85,5,15,'2000-08-21 02:42:31','1976-10-16 10:31:59'),(86,1,19,'1998-01-27 09:25:11','2022-12-30 13:46:28'),(87,5,15,'2001-09-02 06:35:13','2012-09-21 12:05:57'),(88,4,13,'2013-10-09 11:48:41','2017-06-09 13:49:45'),(89,3,10,'1983-04-25 09:45:49','1985-12-23 04:45:30'),(90,3,12,'2000-12-03 08:58:00','1992-10-23 16:29:16'),(91,4,5,'2008-07-29 02:26:20','1983-08-11 07:39:24'),(92,5,18,'1973-03-05 16:12:56','2010-11-07 09:56:22'),(93,4,12,'1991-09-08 01:24:14','1995-08-18 03:42:06'),(94,5,11,'2020-04-17 06:20:24','1995-09-29 13:48:59'),(95,4,5,'2021-09-10 01:01:05','1997-01-23 06:53:09'),(96,3,13,'2019-05-10 07:48:29','2015-05-14 00:42:15'),(97,3,14,'1996-04-07 13:35:15','1997-08-22 16:37:31'),(98,1,14,'2001-04-08 22:17:45','2018-01-14 02:10:03'),(99,1,0,'1999-11-23 23:06:01','1971-02-02 01:36:37'),(100,4,8,'2008-04-30 18:11:02','1984-03-23 21:31:28');
/*!40000 ALTER TABLE `storehouses_products` ENABLE KEYS */;
UNLOCK TABLES;

--
-- Table structure for table `users`
--

DROP TABLE IF EXISTS `users`;
/*!40101 SET @saved_cs_client     = @@character_set_client */;
/*!40101 SET character_set_client = utf8 */;
CREATE TABLE `users` (
  `id` bigint(20) unsigned NOT NULL AUTO_INCREMENT,
  `firstname` varchar(100) COLLATE utf8mb4_unicode_ci DEFAULT NULL COMMENT 'Имя покупателя',
  `lastname` varchar(100) COLLATE utf8mb4_unicode_ci DEFAULT NULL COMMENT 'Фамилия покупателя',
  `email` varchar(100) COLLATE utf8mb4_unicode_ci DEFAULT NULL COMMENT 'Email',
  `password_hash` varchar(100) COLLATE utf8mb4_unicode_ci DEFAULT NULL COMMENT 'Пароль',
  `phone` bigint(20) unsigned NOT NULL COMMENT 'Номер мобильного телефона',
  `created_at` datetime DEFAULT current_timestamp(),
  `updated_at` datetime DEFAULT current_timestamp() ON UPDATE current_timestamp(),
  PRIMARY KEY (`id`),
  UNIQUE KEY `email` (`email`),
  KEY `users_firstname_lastname_idx` (`firstname`,`lastname`)
) ENGINE=InnoDB AUTO_INCREMENT=11 DEFAULT CHARSET=utf8mb4 COLLATE=utf8mb4_unicode_ci COMMENT='Покупатели';
/*!40101 SET character_set_client = @saved_cs_client */;

--
-- Dumping data for table `users`
--

LOCK TABLES `users` WRITE;
/*!40000 ALTER TABLE `users` DISABLE KEYS */;
INSERT INTO `users` VALUES (1,'Serenity','Leannon','arden35@example.net','b1dfb44efbf11c8fc9e1bf33bd76e571046348c9',375390713805,'2022-09-28 22:25:05','1982-01-26 16:37:00'),(2,'Tressa','Hammes','uprice@example.org','8200e7d392547838295f9f44b0f0ceb2be80b2ac',375319733125,'1970-03-03 10:26:23','1995-05-31 19:00:15'),(3,'Annabelle','Kunze','xcassin@example.net','a319fca3d136316317419ec3c089900d9e162743',375434448918,'1994-11-30 23:39:13','1983-01-28 01:51:12'),(4,'Vinnie','Nader','khalid64@example.net','7548a75cf46a57ee47bef39e5340401791333854',375446858534,'2003-01-13 10:13:12','1977-08-19 03:34:25'),(5,'Franz','Olson','considine.iliana@example.net','6057b8011928b088c49a72847e74d476058e5371',375409971793,'1989-04-06 03:03:07','2010-07-23 16:37:32'),(6,'Lisa','Swift','beatty.kayley@example.net','df55f66c616cf6b8ed7feebdd030d629f5277961',375391165478,'2020-10-30 19:35:43','1974-07-12 11:13:53'),(7,'Hanna','Yost','schulist.garrett@example.net','d28053d2557bf8dd45e084ed3ed891d5db0f8003',375372733681,'2015-11-04 15:14:29','1981-09-05 11:32:39'),(8,'Myrtie','Hudson','abigayle.thompson@example.org','912d08845878752f88b014a32402be82188a04af',375405835315,'1987-11-01 10:21:12','2018-01-16 19:19:53'),(9,'Ahmed','Rowe','don30@example.org','3905eece7a4ad38dc024e2f22b12ceebc2614ecf',375375786706,'2009-01-26 08:54:01','2011-09-06 14:42:08'),(10,'Donavon','O\'Conner','ashton18@example.org','63bec3218db6c584b37fb3bd87fe4cba91138321',375301080828,'1988-02-25 00:36:43','1974-01-18 05:02:32');
/*!40000 ALTER TABLE `users` ENABLE KEYS */;
UNLOCK TABLES;
/*!40103 SET TIME_ZONE=@OLD_TIME_ZONE */;

/*!40101 SET SQL_MODE=@OLD_SQL_MODE */;
/*!40014 SET FOREIGN_KEY_CHECKS=@OLD_FOREIGN_KEY_CHECKS */;
/*!40014 SET UNIQUE_CHECKS=@OLD_UNIQUE_CHECKS */;
/*!40101 SET CHARACTER_SET_CLIENT=@OLD_CHARACTER_SET_CLIENT */;
/*!40101 SET CHARACTER_SET_RESULTS=@OLD_CHARACTER_SET_RESULTS */;
/*!40101 SET COLLATION_CONNECTION=@OLD_COLLATION_CONNECTION */;
/*!40111 SET SQL_NOTES=@OLD_SQL_NOTES */;

-- Dump completed on 2023-01-22 18:27:33
